square_feet,num_bedrooms,num_bathrooms,lot_size,year_built,city_name,street_address,house_price
1948,5,5,6.624714392307214,1938,South Maiafort,9771 O'Reilly Spurs,4786050.477030221
4713,6,5,2.9729018705431374,1948,Lake Dell,426 Crooks Cove,288540.72589892894
1941,9,8,7.584603068465367,1911,Schneiderville,40932 Rudolph Ways,231657.97571418807
604,9,10,7.516014258237555,2014,Port Mason,43564 5th Avenue,4119170.0077732094
3007,6,2,2.5121710075298327,1951,Korbinton,9447 Wisoky Forest,1607708.479615394
1859,2,1,8.91208814289421,2006,Santa Maria,488 Park Street,3093707.2971835732
1838,4,5,6.9457952829310665,1971,Orem,615 Durgan Shoals,4787787.294853479
1709,6,3,5.7394284245558085,1902,East Herta,5836 McGlynn Mews,4551344.477909151
3338,1,6,1.2570851774653422,1970,Wichita Falls,743 Brookside,1231114.7349420935
1078,3,7,3.4588597253197806,1919,Vickietown,31013 Brendon Garden,4884112.871985417
997,8,2,1.3291163764428349,1916,West Gillianland,74120 Bridge Street,194229.90861348808
2753,8,4,7.029529424407519,1911,Kesslercester,402 Bednar Keys,4393778.700986877
4047,9,1,0.6797273373231292,2019,Santa Fe,934 Low Road,3600921.368703712
4897,2,8,1.054704858385958,1954,Gradybury,292 Carolyne Harbor,4604996.334458701
4487,4,6,7.492484694905579,2014,North Leannehaven,615 Salvatore Motorway,648011.0316537321
4639,2,8,5.741399168828502,1933,Ritchieville,2960 Field Close,849237.005400937
3386,6,6,6.704453849908895,2017,Ferneport,1734 Cecelia Way,4412427.45454656
742,7,6,1.0066979383816943,1903,Santa Monica,5147 Castle Road,4226003.433868755
2714,10,6,0.169699739292264,1916,Effieboro,740 D'Amore Corner,3703609.535272699
3189,6,9,2.923871840559878,1961,New Darronside,8956 Jaunita Route,4298266.404098831
2025,2,5,4.8132783847162495,1974,Paulaton,9637 Nicolas Loaf,2429130.7471925393
1435,8,3,1.977003268711269,2012,West Wilmamouth,154 Dickinson Radial,2629826.6059020534
1214,8,10,2.9419576624641195,2000,Leonorfield,26867 Greenwood Road,265962.8537017852
2538,2,9,4.63848188156262,1973,Fort Douglasside,4414 Meda Burg,4024003.9599710144
2630,5,10,9.588509030127899,1902,Lemkehaven,266 Collin Village,925754.4990279712
2115,4,6,4.659797518351115,2023,South Gustave,6624 Narciso Expressway,1089246.5809360147
4560,7,3,4.60101931632962,1938,Lake Karolannview,320 S Chestnut Street,3014718.438172713
2781,9,2,7.386872709915042,2000,Port Rosina,816 A Street,2068264.4132524729
859,5,7,9.526674007531255,1947,Fort Raheem,42142 VonRueden Spring,1513288.9009546489
2655,1,7,6.342304274882189,1998,Salina,4457 Eldon Fall,4336033.968871925
4656,9,1,7.917320267972537,2004,East Hermannstead,5449 Park Lane,3200728.636852
4570,8,9,0.33114299541339276,1953,Dwightport,7817 E Central Avenue,2062341.4367204532
1668,4,4,7.486645040358416,1902,Alstead,582 Center Avenue,4599731.098650955
3597,7,8,6.011502487561665,1905,Lake Alanisland,197 Kohler Loop,3487434.768094681
2733,6,9,8.496730046835728,2005,Fort Kieran,9949 The Drive,2322147.655929439
1132,7,7,1.3590878047281878,1942,Gradyland,70957 Willow Street,1196672.9915817268
4311,2,8,3.9728821916272867,2011,New Simeon,821 Well Lane,2627292.2419244424
1702,1,5,8.150047109485604,1919,North Haskell,370 Dickinson Passage,2288916.6802633554
3098,8,3,4.333529889490455,1924,Geoffreyboro,1111 Water Street,4849632.179492619
1334,4,10,2.076430311263539,1985,Lysannechester,243 N Union Street,2045369.0552036278
3926,10,8,3.10046078520827,2010,Kovacekview,96528 Jerald Lakes,3117533.6864427663
3019,6,6,3.2105771477567036,1923,Litzystad,191 Schuppe Heights,1606422.8436094709
1725,10,7,9.030455438024365,1939,Torranceberg,32452 Holly Highway,1223513.9307449572
3309,6,2,1.864237959473394,1992,Deckowshire,3322 Crescent Road,1915990.9630776383
662,6,9,3.9170294768642635,1976,Heathchester,3444 Helene Dale,4092784.5227881335
1728,2,10,2.550771890114993,1914,Kunzeberg,455 Maple Road,2364706.464181654
1057,1,2,6.418346447334625,1966,South Weldon,5929 Shanahan Stream,4509505.428187549
4558,7,10,8.8830423705047,1964,Berkeley,345 Hilda Rapids,4149712.6369853504
4495,3,10,4.81766962481197,1911,Jensentown,4373 Ora Centers,1207809.224491939
1596,6,7,1.920829803030938,1960,West Madisenville,323 Cummerata Cliffs,4119406.4547657035
693,1,7,1.6950304995058105,1946,Fort Esther,5003 Meagan Underpass,1254243.491590023
1342,10,8,7.482531426497735,2023,Yostmouth,75538 Blind Lane,178825.92031965032
2265,2,1,7.694340402190574,1927,Fort Selinaworth,21309 Jennyfer Fort,4872572.27919763
3239,2,10,3.685729795182124,1992,Reingercester,6677 Stanton Pike,1341511.3318595104
4242,8,10,7.095830326061695,1985,North Meghanshire,7815 Schinner Place,1856912.3761728406
4504,8,1,6.06838259503711,2014,Edmond,694 Reichel Parkway,3781355.813809205
3921,2,9,4.279729196429252,2012,Fort Angelina,5315 Ebba Court,4068049.5382635854
3959,8,6,3.214797977474518,1995,North Orville,878 Waterloo Road,316950.48010442406
3772,3,10,4.5893547225045035,1935,Bayerton,4714 Rebeca Plain,3600747.327913996
1939,5,3,1.1309326428454372,1973,Malcolmstad,7419 Grange Road,2897974.2010473274
4674,4,4,7.085297424951568,1900,Hendersonville,5745 Bernhard Villages,4261396.657454316
4682,3,10,1.6971331141656265,1979,Predovicfort,95898 Lora Burgs,2594618.6508750543
565,1,2,1.646368037769571,1942,Robertston,8110 Cale Ford,1409994.1663327627
3966,2,2,2.4569642409915105,1959,New Urbanport,861 Floyd Oval,905580.7293276303
2079,2,8,9.526680099708027,2012,Leannonport,665 Hilario Light,2932386.8688428774
3936,2,8,0.6239338386105373,1915,Lylashire,4444 Washington Avenue,2775351.9687685184
4346,6,6,8.528802201966755,1900,Mistyberg,9228 The Copse,3918642.37888949
1795,7,4,7.539154606848024,1917,South Gate,8753 Springfield Close,2900993.618008215
2441,2,10,9.875108974706382,1923,Zanderfort,3989 Ariel Cliff,4975113.432528451
4652,6,10,5.520206094929017,1985,Burien,124 Aaron Manor,1650275.5605964921
4839,8,9,3.4710244331508875,1987,East Roryberg,372 Stehr Mill,3048673.0920616537
2553,8,6,2.815450384747237,1959,Tamarachester,64326 Elissa Meadows,455600.8687359281
1708,9,6,8.532245351374149,2008,Kiraworth,61462 The Laurels,4689715.69709247
2210,7,4,4.201172079821117,1957,Lake Elsiebury,3980 Janiya Centers,4578855.028667022
570,3,3,7.455025193048641,1973,South Marcelina,315 Beer Burg,3797588.908637408
2556,4,5,5.176501828641631,2019,St. George,395 The Orchard,3531172.79864382
4692,8,2,1.5076312856748701,1949,Cotyside,9820 Kris Lane,3190050.7175014354
4230,9,8,1.3838855319889263,2019,Akron,882 E Broad Street,2203988.7233870104
4896,4,6,3.8954216875834393,1958,Fort Sydney,1624 Martin Luther King Boulevard,4206792.661442887
1733,9,2,3.428815562021919,1972,Casimirbury,593 Rosemary Manor,1314055.7570615783
3021,10,3,2.1998644903302194,1971,North Nicklausstad,884 Hahn Glen,3599029.753578361
4431,1,2,9.47224105577916,2005,Wisokyfield,264 South View,188687.78648320585
4071,10,3,4.9409349977970125,1969,Elvieshire,2066 Franklin Road,2617664.1304860823
1740,5,3,3.0664565110811965,2017,Satterfieldstead,7934 E Jefferson Street,3785243.6817483976
1210,5,7,9.454578514536843,1992,Darrionborough,6542 N Main,1825124.5110994205
4765,8,4,8.181640561972745,2014,Liaside,63763 Fay Throughway,4412580.01482347
3098,10,6,4.023890832928009,1997,East Hollisboro,618 Kunze Turnpike,2429242.9372901097
3036,3,2,4.3830120682483535,2018,Hawthorne,14734 Rosalinda Wall,2403887.461218983
4688,2,2,4.210939890658483,1964,Lake Jeffryboro,633 Strosin Square,4437343.897426035
2289,8,3,0.8072346332948654,1960,East Michel,842 Bridge Street,4481577.767315321
2640,6,1,8.179580046259797,1956,Ernserborough,95706 Terence Coves,4059195.729123894
2639,3,2,9.983907712134533,1980,Hodkiewiczfort,83690 Emard Cliff,3728052.364999894
2623,5,6,5.982163721346296,2021,South Naomiehaven,702 Botsford Wall,3300520.468945615
650,4,3,7.333819224755279,1904,Hattiesburg,87645 Adams Street,1707706.6262834705
1680,1,2,7.95020879553631,1975,Barrowsbury,486 Monahan Estate,3516243.7385180965
3363,7,4,1.0583702788921074,2016,South Rainaton,1087 Waelchi Streets,2791145.0392450206
3919,7,9,7.630367214558646,2018,Ziemefort,2984 Harrison Avenue,704803.8444365375
4750,10,5,4.282841305295006,1976,Simi Valley,1945 Gleichner Way,71098.77212205902
3401,10,4,9.114366268762387,1978,Arecibo,808 Schamberger Gardens,2768030.196870677
3899,7,8,6.696989123919047,1949,East Gussie,2937 E Washington Avenue,4171034.9594941363
2472,3,5,6.931733089080081,1914,Camden,111 Pattie Keys,3375179.4740906917
4498,9,3,3.8228729255730287,1941,Lefflerworth,6800 Arne Creek,1062757.6914499514
1024,9,6,5.191309328749775,1961,Princeville,8508 Keeling Estate,1219753.4533799626
1644,10,7,2.5899479981977493,2007,Cupertino,547 Tower Road,2627690.120076295
505,4,4,3.668813468376175,1909,Luettgenview,1901 Bayer Coves,767604.5001018792
1242,6,4,7.025056572654284,1913,Homestead,4308 Belle Knolls,906974.6945169754
2708,5,8,2.544983877311461,1902,East Hopeville,458 Stamm Point,2760998.827952426
2567,1,2,7.2224297770531845,1956,Port Trace,752 High Road,1592292.699974496
3895,3,5,1.7706932789413259,1940,Auerland,7151 Rohan Forks,4588144.936703611
2715,1,2,5.741542324610054,1983,Biloxi,485 Bernhard Lane,4406907.627754845
1917,2,9,3.4622711990959942,1944,Apopka,3498 Josue Forge,4856846.632959787
1717,8,5,5.7369008442619815,1950,Hoover,2618 Luettgen Rapids,419999.82309062034
1393,8,6,7.801973480079323,2000,Jacksonport,284 Jacobson River,1609558.4579510614
2117,10,2,8.282327491114847,1968,South Emilianoworth,4063 Chapel Close,4227397.350652609
2096,7,2,6.866248384676873,1915,Considineview,98262 Kerluke Avenue,2443844.8016531765
1441,8,1,1.3310444201575593,1965,New Judy,73460 Grant Mall,1144330.822804477
4300,6,10,7.182561790850014,1940,Cronaview,1091 2nd Street,1403551.751631312
1608,8,9,9.975600861990824,1965,O'Konburgh,8669 Damien Highway,4694468.187366147
3237,7,3,0.46849054219201214,1912,North Merl,455 Cremin Wells,3506895.3013280407
4984,5,6,7.084239094215445,2015,Karaport,4441 Heather Passage,2369383.6262915283
4006,4,4,8.879123448138126,1945,Syracuse,321 Heather Close,643468.0645470507
3436,7,3,8.850157408812084,1928,Andersonview,3537 W 7th Street,3410460.0281338207
3957,7,6,6.064172917022369,1982,West Palm Beach,27622 Colby Spur,299066.2129013799
4457,3,4,0.7000031457981095,1963,Maggiotown,69191 Kurtis Drives,2766682.9752502963
933,8,6,9.921648449986241,1989,Port Eribertocester,82417 Lincoln Highway,2534371.6349452734
4171,10,7,6.240605297568254,1916,Bonita Springs,71707 Kovacek Hills,444951.09372073784
3282,3,2,4.66616491721943,2016,Nedrahaven,523 Diego Crescent,558318.0567016825
3349,3,3,6.087941644969396,1971,Hermanside,7236 N Broad Street,2604796.9068516977
2982,1,9,2.400531508587301,1958,Fort Xavierstad,34809 Wunsch Radial,4349483.787163626
3444,1,10,8.690517752803862,1997,Brekketown,4855 Watson Cove,2882786.238391418
2816,9,8,5.242412789491937,1936,New Kayleeview,8263 Grange Road,372006.6859736107
2972,5,5,7.9544371188851075,1964,Port Woodrowview,115 Robb Radial,4273999.2171525955
2598,3,3,7.788349581812509,1968,South Jettland,3101 Lang Branch,3381250.759284012
1981,5,10,3.56208174682688,1906,South Shaniefort,29232 Talbot Road,3859010.516072158
2301,10,8,4.3238307383842765,1984,Fort Carsonburgh,3362 Vivianne Brooks,4459257.790353149
2123,4,8,9.70585413959343,1990,Bloomington,812 N Park Street,3415959.216898773
983,6,2,2.2976270916406065,1994,Mayerstad,5964 Blaise Well,2733521.7622690834
2498,6,2,4.39822912721429,2003,North Lauderdale,94401 Ines Groves,479772.0964066684
1714,2,5,5.0413518358254805,1978,Cloydcester,538 The Chase,370543.5735406354
1994,8,3,0.3265044839354232,2005,South Hannah,513 River Street,2241928.1034497544
4614,7,4,4.596462769177742,1925,East Liza,14643 Towne Brook,1304359.9171214737
4208,2,4,9.613797651301137,1997,Fort Era,6417 Strosin Wells,599776.9343084656
2552,7,3,5.543709415569901,1952,Elsiestad,2812 Morar Meadow,3183348.7156778574
4656,10,3,2.2031616833526644,1986,Mayerview,409 Cartwright Crossroad,4057072.487962432
3966,3,9,6.286272051814012,1980,Kendallburgh,71380 Murphy Mills,4361163.678276353
946,10,4,4.151359858596697,1912,Port Thaddeus,244 Wren Close,4819627.921911888
4414,2,7,5.878042298159562,1937,North Candidoborough,5711 King Hill,574102.8002812527
2395,9,2,3.098144204448909,1971,Krisburgh,56188 Old State Road,4783943.274221383
3187,10,7,7.86742773973383,1972,Baileytown,512 S College Street,2052713.3264346048
4441,4,4,1.2638036014279352,1941,Allenfort,9654 Ward Parks,465809.6639672294
4043,8,4,6.034289980889298,1975,Scottsdale,2318 Brendan Rapids,3520989.0901343897
1334,10,5,9.578939824714325,2018,Jurupa Valley,76043 Kattie Harbor,2543595.559382811
950,8,7,9.871570081543178,1957,Herzogport,4821 Edmund Harbor,816858.2279933617
3841,8,8,5.63211843026802,1928,Eau Claire,863 Depot Street,2041413.992375601
2661,1,1,5.249842315469868,1994,East Daphnee,3363 Tillman Hill,288044.26881251857
3526,6,10,8.575269944919274,1972,Drakefield,96564 Lubowitz Ramp,2792583.0741762184
4168,6,3,3.3600291928509254,1921,Marionview,732 Oberbrunner Track,1787175.8429449983
3038,9,1,1.461411526356824,1993,Bayertown,9765 Old Military Road,666812.0550573803
3713,2,7,4.644183107931167,1984,Brettshire,30125 E Maple Street,4633940.686972346
528,2,9,5.997938171843998,1957,Fort Colefurt,64859 Haven Pike,74249.11902053282
3009,7,7,6.121833521546796,1975,South Romainecester,79507 Evan Hollow,258524.92130361497
2504,7,9,5.402970199775882,2005,North Edmundbury,57189 London Road,2947652.900335379
3462,5,9,1.3073390250327066,1902,Tulsa,2811 Ellen Burgs,1820648.695086129
1967,6,6,1.5101080448133872,1901,Encinitas,2118 Kihn Points,2611160.318029579
4280,1,6,2.7880299557931725,1943,Beattyhaven,53786 Jerome Brooks,3622544.3930365145
4070,10,2,8.742892738198861,1909,Kaileebury,50413 Rohan Loaf,3124039.5884029567
2445,6,6,8.418520479346626,1953,East Lilyan,35682 Silas Island,1141625.3534844145
1536,1,2,7.917147322068923,1971,Sengerbury,9266 Naomie Way,4726412.9738206975
1440,5,5,6.852597782714292,1931,El Monte,3391 Price Keys,1359694.0177609213
4226,9,6,0.6950074133230373,1969,Durganside,319 Eldon Course,4642667.307227384
1940,5,2,7.5399227904621515,1929,Rowlett,2629 Clifford Hollow,2413684.649579227
647,6,9,9.370468589710072,1986,Candelarioton,4954 Auer Forges,4892425.572278444
1901,3,3,9.420532807614654,2002,North Jovany,57606 Skiles Parks,3042362.6203555614
2443,9,6,2.9740617629140615,2000,North Alec,399 Max Loaf,3113292.7949540317
827,6,9,1.7383946783142166,1931,Lexington-Fayette,1580 Kristina Motorway,830995.573673863
1196,1,1,4.8556089126737785,1902,Veumboro,66890 Front Street,1657113.7339808047
1878,3,5,7.282186122657731,2008,Roslynfort,52781 Gerlach Way,3927525.240543764
3345,3,3,4.440736111626029,2010,Thompsonside,67614 Jazmin Rest,4328410.422161687
2534,4,9,5.222776286164298,2011,Consueloview,9903 Toy Motorway,2268666.813673917
2120,8,10,5.469839144474826,1966,Lake Abelardocester,125 Haley Station,179353.09068998322
1947,1,7,4.462969085481018,1972,McDermottchester,863 Milan Plains,721301.4891021885
4912,6,2,1.2707788902800532,1948,Port Tiffanyberg,483 Waverley Road,1609067.6689171232
1902,5,9,7.527633074298501,1925,North Gabrielberg,110 Hermann Ridge,660180.1662822254
1285,8,7,1.622676426684484,1984,New Pablo,317 S Lincoln Street,3927668.8872952946
2397,1,4,9.805121095967479,1918,South Eudoraport,97897 Welch Place,3412642.168405
4540,5,2,1.3517170752864331,2007,Eileenstad,807 Kris Lakes,276017.50164758414
4247,2,3,5.682227526977658,1985,Stratford,2529 Broadway Street,2446312.6772316173
1259,10,9,5.834432475315407,1987,Bartolettiview,571 Colten Inlet,2712539.4364702515
2711,8,9,7.140044074249453,1937,Howebury,7260 West View,169016.45194739103
3139,2,1,4.187719868915155,1921,Jaskolskitown,2640 E Broadway Street,4746840.477036312
2889,3,5,4.703793628537096,2008,Sengerhaven,9602 Charles Street,2092336.7312178016
3022,4,8,8.221559055848047,1910,Simi Valley,347 Breana Knoll,202139.57326486707
835,9,1,7.155929730599746,2009,Caesarfurt,3357 North Lane,113558.94266162068
3229,4,1,3.397049179766327,1990,Fort Shaniemouth,3944 Klein Greens,4679720.07272765
3349,8,1,2.292264897329733,1968,East Emilioville,425 Nicolas Stravenue,2258739.3442401662
3665,4,4,9.860759680974297,1912,Simonisstead,120 Cassin Trace,3919671.9498489983
3335,3,8,7.77312291089911,1936,New Rochelle,8717 Pound Lane,1743559.1949266382
2452,10,4,7.223803278245032,1956,West Marioborough,4461 Amanda Centers,706650.7962765172
1270,10,10,2.973768792138435,1930,Lake Tyler,404 Kristofer Court,468177.849589847
1410,9,7,8.425585286086426,1935,New Shannychester,85320 Dach Prairie,1278035.571728833
1778,4,1,8.726676034391858,1911,Lockmanshire,7601 Krystal Wall,1276948.3555923216
1170,4,5,9.05447322144173,1938,Wisokyhaven,5354 Hansen Pine,4537601.78219527
1697,6,10,8.293906720704399,1925,Franklin,3773 Priory Road,2878652.282699477
4882,3,8,7.64259224254638,1986,Milwaukee,2808 Kerluke Ville,917682.0132881403
930,10,2,3.1816824903944507,1950,Kunzeton,7104 Beverly Terrace,3312488.666619174
4132,6,9,1.3023711948655547,1914,East Bette,1442 N Oak Street,56832.393538206816
2537,5,5,1.3551337952958422,2012,Port Elbertburgh,76747 O'Conner Burg,1977180.3290350363
4307,9,7,6.546612833603285,1933,Wainoview,932 Kale Turnpike,3299324.3957753293
1007,2,5,5.82732471677009,1922,Reno,90384 Luella Landing,1560888.1960157305
3272,2,6,2.5081365205114707,2005,Redondo Beach,11317 Cummings Flats,2846279.5479106717
2115,8,5,6.958022431540303,1906,Aspen Hill,1304 West View,665694.3595968187
2880,5,7,2.670403997669928,1985,New Sterlingstead,202 12th Street,2654432.193329558
2139,6,5,2.7678612087387595,1923,Bruenfort,731 Rita Route,4300276.590778958
720,8,6,0.2087220884859562,2022,Irondequoit,1300 Bridget Common,532168.4217080474
4656,5,3,9.23500454206951,1982,North Daryl,631 Runolfsdottir Ramp,2425599.7568019666
3382,6,9,4.873516915854998,1962,Lake Henry,96310 Doug Villages,4227116.045600269
1972,5,3,7.64775719831232,1966,Fort Clifford,4886 Kub Villages,3460897.2449204884
1942,1,4,5.189678879687563,1946,Lake Viola,3056 W Broadway Avenue,2829436.0483181663
3160,4,1,7.941736006760038,1913,Collinshaven,1091 Stehr Ramp,4350565.46778651
4010,4,8,8.945075989305042,1965,North Otho,778 The Oval,357577.9680511914
3311,9,9,4.072292534285225,2019,Kissimmee,940 Kirlin Field,1642612.8573017195
1012,4,7,1.1082387565169485,1901,Fort Jackieport,46105 Vicarage Lane,169547.05219250172
1759,6,1,4.6116311345249414,1980,South Mattworth,5988 East Street,4402350.906573702
4411,4,5,7.839502330869436,1958,Cydneycester,817 Aylin Branch,471030.55343031883
4742,8,1,2.807519444730133,2000,Wilberfurt,2789 Long Lane,3007605.7295897044
1907,6,7,2.3864936004625634,1981,South Hill,838 Kris Via,952642.2002003528
4465,1,3,7.320684777456336,1931,North Tessie,61944 Washington Boulevard,458889.5170367323
912,3,10,5.723453333298676,1923,Cotyborough,4739 Keeling Parks,647095.7956160419
3754,3,3,8.58109126300551,1998,Douglasworth,571 Corkery Islands,4708277.434867341
1057,7,9,5.30306408116594,2000,Athens-Clarke County,54954 August Fields,1905067.3005753197
2938,10,1,1.4370138151571157,1901,Lake Arturoport,4848 Kreiger Inlet,4682270.808133762
2582,4,3,5.906439476157538,1914,Ortiztown,934 Wood Lane,2938687.981001567
4775,8,5,1.2665064764441925,1942,Gerlachland,3332 Tillman Passage,3874858.8875168934
2078,6,7,6.7123168701073155,1989,Watsicastead,3220 Considine Lock,4804415.992775466
4839,10,2,6.942861006618477,1972,South Valley,44802 Alivia Mill,3542407.770687714
1535,5,7,6.760024429811165,2013,Cassinshire,34108 Alba Manors,1124943.3369142935
2071,10,3,2.275246162945405,1905,North Jazmyn,5633 Boehm Port,3713407.6640824787
4387,5,10,7.156161862588488,1925,Pollichton,1118 Long Lane,811900.882225018
4329,2,4,8.565311264316552,2003,North Tressa,46511 Hoppe Overpass,3796423.2387254015
576,8,10,1.8351392983226107,2016,Rodrickshire,86232 Sycamore Street,4323411.308217328
986,3,9,3.5883635956561193,2002,La Mesa,662 Priory Road,834146.5348610654
3798,6,2,9.023586871754379,1970,Kuhicmouth,921 Lorna Inlet,2791318.751568906
4081,2,1,4.90273419120349,1962,South Ryleestad,255 Enola Spur,3417703.75194028
4843,2,7,6.0523038906743745,1958,Boylefurt,98652 15th Street,1965475.0826652162
2996,3,4,9.407464009686374,1950,Watersmouth,2853 Richmond Walks,3704534.7935520113
643,4,7,5.197787956520915,1929,Port Kamrynborough,48698 Wren Close,2250365.865090862
1031,5,9,3.7119241752894596,2002,Lehi,820 Wellington Street,1500493.8718047924
1024,10,7,4.014950716798194,1969,West Leland,7768 Hipolito Grove,4495627.46102456
4124,6,9,8.459009270579553,1996,South Alvaton,945 Water Lane,1097747.0346027985
1546,1,2,0.6044460738310591,1942,Fort Angelfield,8836 S 9th Street,350236.99646117166
1408,9,8,5.433292065374553,2009,Wildermanside,7988 N State Street,2110114.1098770313
4602,8,4,0.9593983101891354,2014,Sunrise Manor,642 E Church Street,4491738.196241204
4654,9,4,4.299577383883297,2007,Yundtport,968 Garrett Lakes,2937136.941147037
673,6,8,9.704787805816158,1999,South Stanton,561 Cross Street,3131794.7865230963
3118,3,10,6.86266107680276,1945,Mannland,4873 Lola Circles,2593089.114583563
3782,3,9,1.3793942723190413,1993,Kristyworth,969 Canal Street,3695869.0697094426
3302,7,1,9.441408887971193,1977,Dunwoody,71067 Karli Park,4433687.250991352
908,10,8,2.263728210097179,1900,Theronland,95479 Augusta Park,2627453.9900245145
2406,4,5,6.8071770274778824,1991,Russelport,48361 Bashirian Lock,1010257.146821823
1294,7,1,7.596746466355398,1906,New Dorthafurt,19943 Osbaldo Union,4483116.640103981
3578,6,9,9.33340862216428,2007,Ankundingchester,303 West Crossroad,590786.0534964129
1050,5,8,1.7657739602960647,1994,Larkinville,57124 Parisian Mill,3079020.3901357017
1505,10,8,0.19508241002913565,1954,Miramar,1034 Clarendon Road,2152930.6197422557
1718,9,6,1.9927587327314542,1903,Port Oralborough,178 Hill Road,1434576.5271922573
4485,3,2,0.3044064184883609,1916,Immanuelstead,506 S Pine Street,3265937.0818990283
4113,2,2,0.24261282177176327,2004,New Kolbyburgh,53118 Sycamore Drive,4927949.072327465
2183,4,9,1.1069807346910239,2017,Branthaven,55773 Railway Street,995407.9246381298
4564,2,9,1.095285723777488,2018,East Anderson,3381 4th Street,3946820.0610368513
536,3,1,3.7343724083621055,1916,Roanoke,704 Newton Road,3916990.1404413395
4015,7,3,7.722215144336223,1969,New Monserrate,2863 Center Road,3237801.187520381
1120,6,5,5.430192233063281,2013,East Isidro,852 Christop Roads,317098.1237664819
4400,3,3,6.340248436061665,1963,Frederickchester,94279 Birch Avenue,4640195.045189466
4538,1,9,0.6286554530961439,1996,Port Vanessachester,714 Zachariah Spurs,1734712.658135686
505,8,4,1.8985665549989792,1948,New Antonietta,9467 Polly Spurs,1224500.9198551998
1915,5,2,9.76837622281164,2016,New Chandlerchester,1733 Trever Gardens,129371.00768322125
3913,6,7,3.1941412385320294,1999,Leifville,110 Hugh Forge,721056.4847104251
2620,9,7,6.41432068021968,1971,South Lazaro,776 Geo Crossing,182717.91886072606
4387,8,5,0.8314405273646116,1950,Margaretland,600 Grove Road,3846856.875810772
1067,3,4,0.5559759893454611,2004,Dibberttown,330 Brakus Harbors,2411705.2176734433
4559,9,2,6.758389509003609,1963,Tremblayworth,73976 Crona Mall,3604334.4317935407
4552,10,5,2.928766479319893,1991,Fort Lonport,1291 N Pearl Street,3874049.282632768
3083,6,2,1.846756782080047,1958,East Alberto,89354 Clay Lights,954937.26702407
1497,5,5,2.4900753346970306,1989,Lake Dorris,901 Price Springs,1138526.20346006
3241,1,3,9.04818145269528,1922,North Kolbyfurt,69015 Hattie Underpass,2346957.247145474
4570,10,1,0.8100375371053815,1911,North Domenicaview,782 Bechtelar Fall,1592703.0713530257
3839,6,6,5.780759996874258,2011,Lake Kendrickcester,8174 Abdullah Drives,3111598.780262284
4379,4,3,0.8698795650387183,1957,North Clementfort,2478 Felix Rue,3688183.4902102128
3445,5,7,3.6425451984396204,1964,East Lyla,54745 S Monroe Street,2790519.7313521057
3929,1,7,5.529734372347593,2011,Jaycefield,737 Tyson Locks,2966830.5311352015
1016,6,10,8.516127558425069,1948,Port Tyrel,2711 Cassin Dam,588133.7518454529
2210,8,3,3.4690193947404624,1979,South Gussieland,920 Lowe Ford,2881197.6923490874
1253,5,1,3.9546413499861957,1901,North Ramiroboro,919 Legros Ranch,1619151.7935018055
4635,9,8,3.05883798932191,1958,East Mazie,8780 Walter Harbors,2186695.484921802
1404,7,8,0.3322274236241356,1952,Fort Edmondstad,89826 Korbin Plaza,2612190.2589453384
4417,9,1,3.021681556547992,2007,Peteland,152 Larson Squares,3216020.516876597
4453,6,4,3.2752131033688787,1949,West Juliet,6520 E River Road,1818987.9361190833
1099,4,9,1.640878981887363,1937,Ivoryville,319 Derrick Tunnel,3495976.1267062277
4909,9,1,7.005503979092464,1981,Wyattfort,8793 Cherry Close,2852003.8452581502
2708,6,2,4.77098992804531,2008,Isabellberg,44155 Main Street,137657.77992084622
3190,2,9,3.0654436400160194,1908,Charlotte,6872 Christelle Underpass,1891057.4814653955
3677,9,7,8.118459557858296,1946,West Sadyeboro,788 Deckow Shoal,3347964.36970355
4019,9,10,1.6588158923666925,1915,Oberbrunnerfield,17332 Raynor Gardens,4618455.7946631685
4697,9,7,6.744879730138927,2019,Jastberg,6662 Rolfson Burg,1501071.5233394876
4419,4,2,5.449577975203283,1968,South Jovaniview,1283 Caroline Bypass,851727.7352861129
2759,7,2,4.89715993013233,1910,Lake Ubaldoview,6532 Jones Overpass,643475.7725452073
3327,8,2,8.817073127138428,1993,New Mariacester,15568 Nakia Expressway,4095493.773499038
666,2,5,8.24466685061343,1993,Perth Amboy,585 Nadia Village,3411728.5597138107
3661,8,5,3.5678651495836675,1979,West Berneice,5985 Thiel Plaza,234678.4587483853
4136,10,3,9.378376138349996,1960,Jadenton,55340 Ritchie Ridges,4562787.3307908885
657,3,10,5.409676462435163,1955,McCulloughborough,361 Lowe Harbor,4217147.856776137
1503,2,10,4.999494748143479,2022,St. Louis,7196 Gordon Road,3152125.4245890304
901,2,6,6.872027071355842,1968,Jamarcusland,122 Leonora Drives,4849027.961411048
854,6,2,0.14689644272439184,1922,East Yeseniatown,26411 Tower Road,357337.15534443036
951,6,8,4.732926095160655,1968,Lueport,42380 S Church Street,1559693.7248366885
4037,4,4,6.3224715679651124,1941,Lake Tatyana,7863 Hodkiewicz Dale,4409663.012356032
2757,2,1,7.162819558405317,1987,North Coralieport,16347 Monserrate Cove,4891723.650018685
1122,4,6,1.6058991688536481,1941,Carmelbury,5567 Brenden Port,289153.1798290089
4876,8,1,1.6218373405514286,1924,Schambergerborough,40065 Church Street,4083213.433017954
2066,6,2,5.617372541129589,2015,Overland Park,508 Grant Stream,3147897.4723489955
3008,3,3,9.064946330245585,1931,Considinestad,861 Barry Cove,776127.6017758064
3694,9,5,7.351266308547928,2015,Jakeborough,452 N 9th Street,3094914.741034154
1978,1,5,9.689042705181055,1919,Ramonafield,524 Hall Street,1087680.0916623324
897,8,5,7.9344465708825735,1936,Santa Clarita,90867 Ferry Road,4286729.22620317
4665,5,1,4.199396967492066,1922,St. Clair Shores,8314 Steuber Lodge,2157071.304949932
1490,3,1,9.11226757725235,1976,Medhurstland,99474 Rudolph Course,4444928.523816634
2641,7,4,3.73396078189835,1902,Emmanuellebury,4571 Cruickshank Orchard,4639213.930431288
861,9,6,7.888368349219673,1972,Fort Hannah,9485 Wehner Ville,1788725.5285982974
4039,9,2,7.122408942040056,1932,Wilkinsonstead,9437 Mraz Harbors,2505629.180581309
2455,2,4,9.277027946407907,1932,Dibbertstad,832 Rectory Close,2015499.883517623
1979,3,9,1.128172269021161,1991,West Silasstead,600 Kiley Circles,2251033.191254828
1190,2,9,0.5251151216914878,1923,Hermannstad,9511 2nd Street,1571516.9019647874
1168,4,7,4.765131618943997,1946,South Lew,9242 The Chase,1703978.5840548575
1858,10,6,6.152815965353511,1925,Kassulkestead,372 Olen Circle,731137.2842988931
4758,7,7,2.464984293212183,1958,Floyfurt,7870 Ryann Road,1513793.590432033
1292,7,7,2.2291083863936367,1962,Lake Torrance,374 W 8th Street,1213166.9078720734
4888,3,5,6.930704988725483,1930,North Aniyah,1433 Mosciski Loop,4667526.742268819
3036,3,8,9.051747148670255,1927,North Miami Beach,14720 White Inlet,2414449.170511216
4228,1,4,2.979699764796533,1928,Lake Erwintown,37295 Broadway,2866184.4112793915
4433,5,7,5.854941579815931,1905,New Axelbury,362 Breitenberg Rest,4576814.052637201
1291,10,10,2.684256660286337,1980,Schillerfield,5100 Goldner Row,2827012.5640323386
1560,3,6,1.4003302095225083,2021,North Raegan,2882 Heidenreich Hill,1878871.763346251
2306,6,10,9.590069369599224,1982,South Emerycester,86131 Prospect Place,997042.2219368629
4978,2,6,9.4507177432999,1944,Brekkeborough,8919 Orchard Drive,1123323.2938800938
4045,9,8,3.3502527151256802,1931,Rocklin,81475 S Central Avenue,4564399.552880786
2348,10,3,0.25593973852228374,1916,North Estefaniafield,8331 Miracle Locks,3553090.5893654563
2931,2,8,9.411046977201476,1906,Fargo,25947 Janae Gardens,2865737.0442757383
4229,4,3,7.85107494504191,1938,West Alec,1630 Silver Street,4750090.78818839
3371,5,5,7.146075195563026,1980,Lake Rooseveltworth,229 Highfield Close,4835274.749028031
3175,3,6,1.6267065641237424,1935,Lake Trishamouth,19224 Carli Lights,51067.86661781371
4782,4,8,8.264765617158265,1925,Lake Giovanny,4074 Haley Avenue,2185930.262110196
2776,6,3,1.7122143749846146,1933,South Adahtown,832 Bridgette Run,153201.79492700845
1503,9,1,3.199036833876744,1919,Purdyboro,96815 8th Street,1003155.175037682
2201,9,8,3.4116741589037702,1925,Chula Vista,60809 Enoch Centers,1809685.9854878858
3764,6,4,4.619520342093892,1950,Enostown,252 Wuckert Valleys,1554863.7431347743
3624,3,9,8.222331662802025,1941,East Elmoreland,5766 S Water Street,3569812.9910975695
4911,6,9,4.810147964744829,2020,Blue Springs,8295 Jacinto Islands,2401005.966484081
825,10,10,3.3601878268644216,1909,South Horaciohaven,590 Hamill Mall,1441910.4200555012
2845,8,4,1.7048084086505697,1973,West Amyaside,11655 Herman Vista,4722488.285438158
2947,7,1,4.489702027384191,1910,Lehnerfield,6591 Keagan Path,2851846.0203078575
4328,6,5,6.784125525993295,2019,Nedview,6106 Cambridge Street,1468436.4377055317
1681,10,7,3.020700600836426,1939,Steuberland,47663 Cedar Street,3193499.1903603077
2708,3,5,7.176865040836856,1923,Lake Samara,292 University Drive,1696777.3049487732
2042,5,8,5.160171514842659,1975,Port Lilly,12325 Robel Fall,1769129.9060126767
1616,10,8,8.725135601102375,1935,West Dusty,56618 Malcolm Park,3735947.9966689833
1731,6,8,1.6462528234813363,1988,East Brielle,6933 Kallie Mountain,3623045.234277379
742,9,3,2.8189408263191584,1923,Welchburgh,924 College Street,66734.4719870016
3681,5,5,4.436448876489885,1973,West Ardenfield,287 Darlene Divide,237270.65345738083
3257,7,5,9.18814266778063,1919,Quincytown,5348 Franco Harbor,3815183.927677572
2865,9,10,2.941324509424158,1917,Goldnerburgh,9546 Davin Row,3146780.7104228996
4831,2,2,6.828863881365396,1949,West Damarisburgh,9204 E 1st Street,4465061.684767716
3307,10,9,1.1588367924792693,1907,Lilianafurt,90313 Pink Field,4602259.126119316
1170,4,5,1.925005334429443,1981,Muellerville,34160 Park View,3496383.103937842
842,10,3,2.9126824710983783,1966,Swaniawskiville,55282 Moore Parks,3765424.5433514006
3987,3,2,5.8380409778794276,1907,Fort Gustaveberg,556 N Broadway,274530.10925091803
1991,2,7,3.9649474736768755,2014,South Watsonfield,85062 Dexter Meadow,1434955.8038054965
3314,2,3,3.6575710257515315,2005,East Jerrell,7289 Zaria Court,741050.2851009369
3707,1,7,8.35970265858341,1948,Napa,96322 Walter Burgs,2259055.3882997483
1420,7,1,7.349289536639117,1935,Clarksville,65269 Goyette Crossing,1247806.4406779595
1294,1,1,8.943698318325914,2023,Lake Ismaelstead,946 D'Amore Mount,1809918.8504740596
2999,4,7,4.94058413405437,1911,Fort Adah,1608 Hannah Brook,2743955.269618891
3074,10,3,3.674777992954478,1942,West Johnpaul,3346 Bulah Loop,3440253.7160669453
2407,6,4,5.739370787446387,1912,Schaumburg,708 Chasity Centers,1781018.5112291947
1566,4,2,4.822261756914668,1927,Balistreriburgh,5595 Kilback Trafficway,4420644.534402527
4367,9,5,5.865044446545653,1949,Loyceburgh,9133 West Lane,3468742.3401046544
1301,3,1,7.627203616080806,1927,Ebbaboro,841 Gutmann Freeway,4921383.010409772
720,10,5,4.150307170557789,1973,New Jacquelyn,276 Kirlin Brook,3685265.486210119
4611,8,4,7.771397536364384,1985,State College,535 Adams Squares,3844588.948332239
2809,6,5,6.657345577841625,1934,Lake Valentinside,77337 Hillside,3538632.2737904266
806,6,7,2.432918647467159,1950,Port Sophiahaven,18796 Ferry Road,3843554.1046317667
2915,8,5,2.6221823140280325,1927,West Marianoboro,2138 Oak Road,154918.38501766324
3404,9,1,8.814102811785414,1976,North Manuel,285 Beier Rest,76017.31282193214
3222,7,4,7.947109578666277,1921,Port Otiliaworth,226 Bradtke River,754845.8488308825
2642,4,10,2.0448815969750287,1968,Schusterfort,8636 High Road,331670.2683106996
726,8,5,1.1997377587715166,1939,Medhurstberg,70071 N Center Street,4020461.641543079
1073,10,6,6.514864575746469,1981,Elyria,1796 Gottlieb Greens,727783.8072157465
553,7,6,8.153510805871338,1999,West Bartfield,77185 Nasir Forest,4464036.3642713055
3706,3,5,8.6248412220506,1941,Oakland,65523 Langosh Prairie,1746932.665782515
1017,9,10,2.8363389260601255,1951,Flatleyville,90315 Orchard Drive,4535943.635972217
709,7,1,1.1980958537431434,1951,Waltonfurt,939 Sporer Common,4951918.762584683
1776,10,1,7.473047495423816,1981,East Ruben,133 North Lane,3914794.141217135
3784,9,1,1.4667305153096095,1935,Langworthland,141 Hill Street,2175834.862503689
4674,5,4,7.377171680214815,1928,Krisstead,76671 Jubilee Close,4501119.603333063
4841,10,8,0.8535905803088099,1934,Hoboken,8921 Hawthorn Close,955225.8824580349
2371,1,1,3.68052802127786,2021,Reidboro,829 Ledner Forges,4238690.560264513
3167,1,1,3.366334213176742,1996,Provo,391 Vallie Ville,1363942.6656533033
3886,7,7,6.510576563817449,2009,Rolfsonhaven,655 Kulas Highway,3320425.5858669057
3266,9,9,5.055899377702735,1934,North Reginaldmouth,57514 Purdy Port,3738702.3601448163
1079,10,5,7.988791834935546,2015,Jeffereyhaven,9447 Thomas Branch,2055288.406345062
2887,5,10,3.021739119896665,1960,Lockmancester,5169 Hollis Centers,4865400.666894857
4374,4,10,6.033282397547737,1913,Lake Shainatown,706 2nd Street,1907715.7770399936
3633,9,6,0.6510532199870795,1963,Leschview,893 Davis Ferry,1643479.5530047268
3540,8,1,5.305824819183909,2016,West Jarrodstead,57283 Edgar Hill,2484463.4682754986
4590,7,5,3.0903744086157534,1974,Funkfield,513 N Poplar Street,319885.08373033255
1796,2,2,9.386815004097297,1994,South Daron,20723 Bosco Harbors,1753755.1707704552
3014,3,1,9.707349401339888,1902,Yesseniaburgh,3560 Prohaska Place,4804032.204078976
1982,2,4,5.413169137574732,2005,South Jennieton,486 Streich Harbors,2899937.864288222
4364,2,5,3.5565130846574906,1941,Jarodchester,11821 Lilyan Track,4853975.301072933
3119,1,1,4.298187763663009,1959,West Seamus,555 W 4th Avenue,2239358.6985068396
3950,2,5,4.871806945791468,1988,Lake Otho,60903 Arthur Row,541917.4661976285
3867,9,10,2.6391376279992986,1956,South Estrella,30440 Kestrel Close,4252841.364976484
2438,9,6,9.590367227024398,1970,New Gloria,393 Anya Shore,4398820.488981437
3939,2,5,6.987856551888399,1918,Ferrymouth,9857 Alanis Ranch,57957.89957046509
4472,5,8,5.0192530857864766,1992,Lindgrenbury,93361 S Elm Street,2051640.092569869
3391,1,7,4.481589536811225,1982,North Freddieland,4072 State Road,452087.93128840625
3246,9,9,0.8977426460711285,1995,Fort Jarretchester,9796 Okuneva Extensions,4195931.039797142
3984,10,2,9.57108714254573,1902,Catonsville,99361 Renner River,3760419.175878633
3736,7,4,3.981885299435817,2019,Gibsonshire,181 Feil Coves,3259015.38253529
3219,9,8,1.1729993654880675,2018,Madison,774 Water Street,953485.8571947552
4162,3,2,8.317337004374712,1996,Lake Sincere,5832 Hackett Points,928491.1460941657
3156,8,2,7.997480588266626,1977,Stantonville,56518 Marina Freeway,3977219.897508621
1229,1,3,0.6370851702056826,2000,Peabody,258 Haley Crescent,1515162.3236830346
784,10,2,2.255563985579647,2022,Roslyncester,30739 Ericka Ports,3546199.939819053
4549,10,7,1.8203405549982563,1902,Fort Akeem,792 Market Place,1946846.4588746428
1820,9,2,0.6604496892541647,1956,Stiedemannboro,2535 Daphnee Courts,1388009.373191744
2275,5,2,1.4144697369076313,1918,West Augustusworth,197 Osinski Stravenue,3363947.775179986
1484,9,10,7.30241513454821,1975,Midwest City,387 The Mews,128025.7879756391
1467,1,7,4.814773379079997,1953,South Godfrey,471 Deshawn Junctions,1854562.5235536136
4976,10,2,6.9065449899761004,2003,South Caesarhaven,141 Durgan Skyway,4134925.4383705556
3402,5,7,5.793780518393032,1905,New Francofield,54293 W Central Avenue,705775.0879321247
3604,9,9,5.408582943212241,2020,Fort Issac,84183 Emmett Corners,642717.5973425619
3984,10,7,4.265587596828118,1957,West Dante,271 South Road,2907604.54951087
2563,4,7,8.93951667631045,1903,Asiaberg,98470 Larch Close,1811455.445899628
3490,10,1,6.961275815288536,1903,Battle Creek,9789 Verona Wall,4721464.501239825
3888,1,1,6.066905810358002,2008,Hermistonstead,8599 Hermina Fields,4529571.688140277
3057,3,3,7.6233474364504215,2020,Keelington,984 Elenora Isle,3858690.7724500634
3665,7,6,4.094902218109928,1993,North Eladioland,7089 Park Street,1146129.6572815627
3625,4,3,1.5554823423037307,1978,Towson,4500 Mueller Station,3027997.723920271
2445,1,5,8.122086113365366,1982,Armstrongland,1901 Johns Pike,604220.6643964164
3027,6,4,7.278206663462333,1999,New Danburgh,4164 Barry Underpass,2199543.821194675
3200,5,3,5.919199142791331,1980,South Lesly,4496 Broadway,4205018.032016233
2483,2,2,4.364498228859156,1939,West Lindsaytown,885 Margarita Plaza,3818705.149379093
2525,7,1,1.8040476217633115,1953,Gaithersburg,11101 Melyna Ville,3130214.165151119
700,9,9,9.34614728312008,1926,West Bria,42814 Schamberger Bridge,3513824.717910029
2028,2,1,2.6050071054371076,1931,Wesley Chapel,7585 Tremblay Canyon,2606187.5539598987
4543,8,6,3.137176488293335,2019,New Kaelynhaven,668 Brook Road,771685.4241210967
2150,9,9,9.7195680167526,1908,Aaronhaven,9791 Barn Close,2681788.6048695073
3980,2,1,8.85581965262536,1903,Salt Lake City,76902 Bins Throughway,1450050.9812030941
4659,7,5,9.714017209294251,2011,Hagenesstad,2808 Mann Track,3674247.858277522
3437,6,4,4.180817407276481,1999,Farrellburgh,32849 Marvin Track,3705963.5496116243
2399,4,5,7.25292359048035,1925,Bradtkeside,630 Alysa Port,1952857.1496135555
4269,4,9,4.0838330302620305,2002,West Percival,959 Wellington Street,563087.4796770513
702,7,4,8.035009715659545,1947,Torpstad,888 Annetta Wells,944308.0597324297
4470,1,3,7.924609501007945,1970,Elouisehaven,3971 Gleason Fords,2846603.536233306
3186,1,10,6.44171747576911,2004,Lake Josieside,45814 Afton Overpass,671045.7767709158
2746,3,2,2.371774645522237,1982,North Unaboro,88705 Belmont Road,3957919.0793447196
1056,4,5,8.350644760369324,1924,North Casimer,3726 E Jackson Street,3774325.705738738
3877,2,9,6.263971854257397,1903,Fort Sammiehaven,494 Kreiger Mount,1357616.3238612935
2178,3,3,6.4774326488841325,1919,New Hugh,353 S 8th Street,4190574.4040501304
4961,7,6,7.788141140853986,1972,Yundtland,198 Clinton Freeway,4302892.765798606
3346,2,3,2.566484314738773,1971,Walterboro,36840 N High Street,1867371.2917952798
954,2,2,8.978404246177524,1960,San Bruno,167 Julie Valley,2507876.635994762
4711,2,3,8.458272958523594,1911,Hammesfield,204 Pound Lane,3771607.52536729
4486,8,2,1.0120661119231955,1970,Port Bartboro,98828 W Union Street,1082354.5253253542
2464,7,3,8.253055736538954,1941,Lake Abefurt,423 Beech Close,1162394.5303144865
1228,8,1,6.110477355984039,2016,North Maraborough,9257 Florencio Groves,433922.74281941354
2013,7,4,7.5883782979799435,1973,South Beulah,2689 Larson Spur,748089.2732739449
4317,10,9,5.363188267010264,1999,Port Anissaland,47255 Brook Squares,4339404.622989241
2979,2,7,8.126160887582227,1958,Fort Gwenshire,5460 Green Lane,1844345.2527513728
4557,7,5,6.932999858469702,1901,Lake Ava,38554 Airport Road,1885535.6469983235
3501,3,8,9.642897564079613,1956,Newton,986 University Drive,1521557.5741487555
957,8,1,8.431492620729841,2009,Albertaville,96176 Johnston Fall,3546279.503463302
4910,9,1,9.909095587744378,1994,Valentinburgh,314 Renee Squares,962885.0060515106
1238,1,2,3.432801122614183,1974,Port Shemarshire,232 Sycamore Avenue,3228465.058002621
4706,6,8,3.7515216439496726,1992,Dietrichfield,66041 Lee Route,3275209.043023642
2329,1,9,8.601728895609266,1983,Huelsside,94478 Jenkins Groves,91995.6115190871
4953,8,8,9.275042890245095,1949,Jenkinsfort,585 Wehner Ports,3916930.371185299
875,10,3,5.480175012187101,2023,Macon-Bibb County,221 Bedford Road,529238.0835278891
4926,5,9,3.026666183420457,1912,South Myrtle,8829 Russel Estate,992312.1987259947
1686,3,9,8.103259344003163,1999,South Kaden,433 Jennings Isle,1936950.673139654
1945,1,7,3.23734389282763,1960,Lake Frederique,2924 Dach Common,4548441.135010216
1215,5,5,6.091652723378502,1916,Virginiaboro,8396 Johann Cape,2884744.8317334056
4778,8,7,0.14182082735933366,1934,Binsfort,629 Edmond Rue,4846292.342385277
2496,7,2,4.437490813899785,1927,Port Julian,88145 Kiara Groves,2599308.0434389412
4653,1,5,9.498692750255577,1991,East Honolulu,6150 W 6th Street,3115030.398790259
4903,3,8,2.483676368533634,1985,Fort Tristin,591 Maximilian Walk,1634012.5961229205
1847,6,7,8.208887738455086,1944,Mertzhaven,8528 Nelson Road,1689595.2289924026
3920,9,5,0.6504306354792788,1923,Rempelton,5298 N Elm Street,1840321.259351913
883,5,7,7.911190346442163,1951,Colefort,9709 Vicenta Road,1293047.2657899372
865,4,7,5.0252994824899355,1965,Lakinside,896 Karelle Camp,2328955.7118783705
3487,10,7,1.649581051338464,1971,New Quinnville,2633 Hermann Crescent,3910710.201074835
1242,6,1,7.048169131902978,1909,West Maynardberg,90929 Jubilee Close,4532221.7366308905
4642,9,9,5.591479160194285,1972,Daltonboro,497 S Park Street,1644412.5457899645
3803,9,7,9.827449260372669,1977,West Fletcher,38556 Wisoky Station,1928624.940244481
3508,10,10,5.426381872687489,1986,North Providenci,67369 Abbie Views,1482287.7449681982
1358,2,1,2.9887950873700904,1901,Makaylaberg,808 Heather Close,2855128.991336096
1430,7,10,2.0542367302579807,2013,Port Edgardoville,2747 State Avenue,641706.9667601027
1044,1,7,6.004806954786181,1944,East Elliott,456 Bridgette Bridge,4233738.374290988
4859,2,6,0.6294447622494772,1961,Aracelymouth,2103 Kitty Falls,2715647.3490409553
2280,10,7,9.404332206700929,1995,Zulauftown,98996 Mante Junction,3384313.148795627
907,3,2,7.6976824993733315,1919,Jonatanfurt,1052 Hoeger Ranch,4080549.6569606476
4520,3,6,4.022664051083848,1934,North Martaborough,4843 W 3rd Street,1648509.1601032764
3156,7,5,6.500501295132563,1998,Oakland,7109 Sydnee Point,2633278.1409844756
1899,5,4,6.199822668870911,1921,South Kraig,9218 Low Road,4556435.462017544
2220,8,5,6.4822057645069435,2000,Woodland,505 Gorczany Burgs,3280722.2774485126
1176,10,2,4.979966703080572,1902,Lucindachester,71620 Jonathan Inlet,2605896.6081473045
4877,8,7,3.0099865917349238,1907,South Reggie,553 Amos Trafficway,1002254.6104737557
3703,5,10,9.3989293448627,1942,Indianapolis,28057 W Broadway Street,4219078.160566278
1878,7,6,1.8198111187899486,1933,St. Louis Park,1651 Donald Mills,4580756.708676927
4082,7,4,3.069894817634486,2018,Malden,4358 N College Street,603676.1614028364
4818,1,9,8.145183747587726,1919,Lake Reubenland,690 Senger Shoals,3601648.0342368595
1795,10,6,8.86897247096058,1952,West Lisa,93207 Cliff Road,763061.1953092739
3788,6,8,3.99579315353185,1981,Salvatoreton,33007 S Center Street,3616209.724347573
3689,3,3,2.2488488001748923,1920,Morarhaven,30445 Carolyne Wall,2517505.8077438734
3007,9,5,3.894199024816044,1947,New Tomasview,25453 Koch Drives,4553986.330889165
1039,9,7,2.167349099949934,1945,Stockton,488 Scotty Junctions,552391.7528684251
3026,9,4,4.773154478683137,1921,Chicopee,9944 Ritchie Ville,3514413.506165147
4180,2,8,9.084198978031054,1999,Port Chet,426 The Dell,1839632.7892085537
4674,8,1,1.6711808053078132,1993,Beckermouth,8851 Cavendish Road,3756073.035870213
4241,3,4,9.86751531031914,1936,Thompsonstead,476 Lake Drive,3397251.677175518
2753,9,3,1.8436415406875313,1973,North Liam,89927 Brennan Crossroad,4582721.841370221
692,3,9,4.895664112875238,1913,Lake Josue,5538 Beech Drive,4829970.379685983
1147,4,1,5.470488568674773,1995,Marcosfurt,4481 Columbia Avenue,2525738.225225359
1123,9,2,9.658248325926252,2019,Paradise,13917 Howell Mills,1725535.52336758
1872,9,8,7.336550013604573,2001,Johnsonton,78446 Mann Pike,1582689.2810990103
4126,5,6,0.780746383452788,1915,Schillershire,17651 Harrison Street,67925.46258075163
782,5,1,9.307219077995978,1974,Lake Rosalindland,5341 N Market Street,2688044.5005372167
3816,9,3,7.644543115212582,1914,Cutler Bay,334 E 4th Avenue,4857581.718743313
2575,6,6,8.728952779737302,1984,North Jamisonfort,1609 Warren Road,75615.29830563813
1628,6,8,1.1672652810113506,1962,East Armando,4419 Langosh Parkway,276154.3174623512
1362,7,9,9.888073007017374,1915,Kenosha,9286 Summer Landing,3308367.6835987717
3820,6,1,2.821302410354838,1932,West Francisfort,676 Rowan Close,2645459.4853217714
2999,3,2,2.071655796491541,1965,Buena Park,50985 Macejkovic Via,3273073.856078554
4452,10,9,9.585450243367813,1936,Connermouth,5749 N Market Street,3882520.62270185
4644,2,3,0.9731585021829232,1924,Sydniebury,45006 Corkery Gateway,1710416.0579387099
3012,7,8,8.64215014274232,1984,DuBuqueville,66119 O'Hara Lock,4257291.139988229
4986,3,4,5.251068929047324,1920,Melanyside,3766 Zieme Crest,659387.5782331452
3605,4,9,8.31128067302052,2009,West Robin,79053 Pagac Estate,4848187.388537917
3054,1,1,8.913211763417348,1943,Omariport,240 Ethyl Prairie,2786390.484822914
2730,7,5,7.447478687134571,1997,Fort Carachester,43967 Axel Views,4485606.66119447
1838,8,6,6.646249843039549,1962,North Crystelstad,48017 N Maple Street,4813400.682294741
2880,10,8,6.068912063515745,1932,Bechtelarport,879 Holly Close,1195278.1285857782
1099,8,6,2.2230713872704655,1945,Pleasanton,13114 Barrows Trace,347602.8411067091
3431,8,7,8.265425148885697,2018,Howehaven,635 Gerry Garden,4757533.906889148
2816,1,3,0.7659143256256357,1908,Murazikport,7824 Warren Close,3065761.3252056763
721,10,2,5.3333706091390924,1928,Franklin,5950 Jaden Lakes,4042339.8619284853
3870,10,8,4.776684753363952,1924,Emoryview,878 Wisoky Park,1219167.2260058112
3908,3,1,5.6075691361213105,2023,Breanneton,167 Welch Valley,1876668.0054133758
3646,8,9,7.940798768121749,1964,Lake Isaac,50151 Walker Center,701773.7863352522
2369,3,8,7.740525805135258,1947,Bernicestad,413 Olson Trail,4828587.847412564
1479,7,5,9.818839684594423,1941,Bergeborough,8896 Broadway Street,1312812.9656775855
564,8,7,2.257803391851485,1984,Pompano Beach,367 Edwin Canyon,3337147.5415769964
2487,2,1,9.53277591841761,1952,Pittsburgh,3944 Bins Track,3234945.2082416974
2067,10,5,0.13298925939016046,2022,Lake Jairofort,98388 N Main Street,4792914.089804981
500,9,5,5.015759507077746,1904,South Martine,1436 Bins Canyon,1084413.751377724
4468,2,6,4.666758686630055,2008,Deerfield Beach,924 Roman Way,2724229.9721809104
4584,8,6,0.4284115956397727,1916,Steuberhaven,169 Douglas Underpass,3664084.118185565
2863,7,9,3.013413156499155,1952,Walshshire,83830 Leannon Trafficway,586947.7251195349
1888,3,9,5.533169032353908,1965,Mountain View,6096 Dudley Camp,1565602.3768009618
3604,4,2,4.312527689780109,1922,Renton,37833 Beechwood Avenue,2023990.3691108339
1463,4,5,9.1240551763447,1904,Sacramento,14019 Perry Lane,3020653.620956
1937,6,4,9.69076645236928,1985,East Marielle,855 N Walnut Street,452591.4624915458
4933,6,5,0.8726537805283442,2002,South Margaritafort,2689 Skye Forge,2038490.9565094858
868,10,9,3.5289476743433625,1905,Satterfieldstead,42192 VonRueden Canyon,3875836.650771089
4430,5,5,0.6964332178002224,1933,Elianworth,14626 Grove Lane,4630686.100001913
4494,6,3,0.9215595328714699,1916,Aufderharworth,59072 Casper Court,2489945.635595359
4774,6,7,8.759198584174737,1931,Lake Celestinoburgh,22852 Wuckert Oval,2256769.501231611
2746,4,7,0.8118437027093023,1990,Aloha,43208 Waino Grove,4927745.251788292
1067,4,10,7.17710623156745,1963,Clevelandboro,6912 Warren Close,1882095.1299276203
1218,10,1,1.225186864892021,1985,New Brockberg,4610 Ferry Road,2613168.9926143736
2861,5,7,2.596852797130123,1977,Novato,77296 Koss Ports,2985302.0768030547
4339,3,5,8.476486646989361,1922,Tuscaloosa,430 Market Place,1958921.7698317952
1822,3,6,6.983497916348278,1917,Ilianaland,59289 Pouros River,4341597.5680574775
633,5,6,3.9143347846809777,1998,Chicago,89971 Dan Crest,1162360.1474333555
4187,6,5,8.617312010726891,1987,Dareberg,227 Hermann Ways,996028.1441919506
1393,2,10,9.332399254734629,1961,Lake Lanceport,56437 Nightingale Close,2510278.312454466
3443,4,3,3.7432356773177164,1982,Solonborough,38537 Stokes Extensions,1214389.8622249253
1322,1,9,9.500616057147273,1978,Tempe,991 Hope Wells,2791197.929158807
3403,6,3,7.881447850773111,1927,North Joelle,77411 Tyrique Alley,541606.1578085646
606,6,2,9.596582381404005,1922,Port Jadon,624 Megane Ford,2579196.7675322667
4127,7,3,1.9213782441569494,2011,Aureliofurt,64383 Thiel Underpass,1328484.5787100494
2949,3,7,3.201249584858306,1937,West Erikahaven,400 Minerva Landing,473724.7719313018
1201,10,4,9.222979585500434,1916,Giovanniberg,1635 Grant Mountains,4249431.010289118
4606,8,5,8.98256786291022,1935,Travoncester,71951 Quitzon Mountains,3594184.204901103
3414,1,2,5.768606272479519,1967,O'Connellside,272 Elm Close,1803402.4664200842
3232,4,7,8.277453560684808,1977,Round Rock,7603 Commercial Street,4682717.058353592
1505,4,8,5.664264092594385,1978,Novi,26961 W Broadway Street,4872683.684434742
4595,1,6,1.590260184579529,2022,Friesenfurt,549 Kling Pass,2415749.6670028195
3908,4,9,5.859695086604916,1953,Lehi,807 Cormier Crest,824969.1246426664
1862,3,8,6.174245117628016,1998,West Juwantown,58113 Dawn Mews,1176139.9067705497
1052,4,6,5.600898117269389,1942,Independence,23470 Kshlerin Route,2238704.8014090396
4612,7,9,3.2863905535545204,1963,Louisville/Jefferson County,683 Brakus Squares,2341507.9425438307
3115,5,5,2.5011010474991053,1987,Charlesborough,27526 Reilly Flat,2834111.879277043
738,10,8,9.490493964217602,2002,West Taniaport,232 Water Lane,4235191.342316102
1898,4,9,0.2156338232336566,2006,West Wilbert,412 Baumbach Pass,781896.213197615
2958,5,1,8.702895843563601,1992,New Aricstad,6919 Paucek Glens,4899253.178283107
1344,10,9,3.9395494607044386,2010,New Armani,8717 Hailie Divide,1457268.4000828303
1928,6,1,7.885018659289926,1985,Port Glendastead,34951 Kenneth Oval,612327.1181131713
4959,1,5,6.2117057581665,1989,Kylashire,547 Nienow Mills,1140395.304269623
3335,6,7,1.9860541112488137,1996,Lake Marjolaineburgh,1538 Kutch Park,1395721.882279031
3472,7,1,6.840964871435426,1946,Bartlett,158 Kraig Fields,506149.0101623349
1886,3,4,4.724446870759129,1920,Gorczanybury,552 Prospect Avenue,3248986.508208327
2479,5,9,5.787649227678775,1971,Fort Trentonfurt,64142 E Central Avenue,4709590.021206532
4438,4,10,7.399813846428878,1927,Breitenbergburgh,7668 Rectory Close,1507214.0844655223
3641,5,9,5.457958761276677,1900,Rempelcester,672 River Street,3997634.003928397
4178,1,8,4.205521852546371,1972,Rancho Palos Verdes,22021 Rudy Cliff,3824252.636451274
3545,1,7,2.0188686798326674,1966,Dorishaven,2396 Olen Neck,4920654.48241774
3995,5,5,7.485666873725131,1968,Metaworth,37115 Carmine Skyway,3959571.211761795
3339,3,1,6.655078543559648,1926,Morissetteberg,80458 Buckingham Road,3240101.336920634
4201,2,6,8.714343430963345,2000,Lexington-Fayette,419 Corkery Tunnel,786191.4421548136
2442,10,10,2.0803132683504373,1966,West Katlyn,62818 Paucek Center,2401197.9253729805
3987,1,4,6.417757089738734,1932,Dearborn,69212 Huels Ranch,1146025.1440643333
3484,5,7,8.067094271816314,1988,Rochester,819 Towne Mountains,2887350.3817478195
2209,8,10,8.525032034283504,1953,Parisianboro,242 Kale Pass,3025405.780458823
561,5,7,9.27189663015306,1925,Newport News,790 Albion Street,930547.6038134657
1507,3,6,3.0823270856635645,2009,Missouri City,8341 Chapel Close,3195795.486913994
1257,1,10,9.767778101516887,1989,East Justen,110 Grange Road,4224490.544456057
3499,4,1,7.4442932946607465,1937,Huelsburgh,43365 Helena Parkway,4140717.1092461795
4600,3,9,4.886108036874793,1996,Raynorfield,200 Keaton Landing,2024622.3050984554
529,3,1,6.895613444293849,1937,Lake Aprilbury,62789 State Street,3091653.976601083
4173,8,9,0.5499099861131981,1944,Fort Valerieland,2792 Kallie Views,1510259.0768132359
2514,7,3,7.3957856636494395,1990,North Chanelstad,999 S Church Street,968762.9839172587
2260,3,4,2.4277740173973146,1996,VonRuedenshire,401 Willow Road,4201882.257475518
1741,4,1,0.8352593126008288,1922,New Antonettaport,75060 Madilyn Centers,907090.0321239606
2414,10,4,3.3669196291826666,1953,New Janetcester,61833 Juwan Shores,347270.90967353433
2122,7,8,4.150529008312151,2010,Zboncakfort,379 N Central Avenue,894741.6012524627
749,3,8,6.626690712431445,1931,Kuhlmanshire,35846 Cartwright Parks,988509.9543374963
1488,7,4,1.1198928348254413,1988,Castro Valley,49815 West Court,3587022.590637207
1453,5,8,1.3599282669601964,2012,East Webstermouth,6923 Hill Street,604200.7616721094
1445,10,1,6.564423401141539,1987,West Aiden,588 Schumm Courts,4963885.510398541
4035,3,2,4.944950124924071,1964,Lake Elmira,8453 S 1st Avenue,1176935.1375289261
1465,8,10,5.273546938411891,1958,South Madison,50522 Elm Close,4359416.873939335
3823,4,7,1.1410531914094464,2012,Kubville,574 Vicarage Lane,199686.1052350141
4100,10,7,5.765135631058365,1931,Amelyview,182 Michel Ridges,1325308.042136021
1098,9,9,0.8693896761164069,1930,West Marcchester,5082 Douglas Brooks,4807311.4086990245
2887,5,7,7.377266829274594,1959,North Quintenfurt,37319 Hilton Shore,378633.9497193694
4248,7,3,5.459133769990876,1961,South Hattieville,4246 Broad Lane,2526969.902939163
3818,1,8,9.753392240894026,1959,New Hadleyville,460 Rohan Plains,2054942.285188008
1529,9,10,7.726656693872064,1912,Duluth,9782 Kovacek Lights,1455419.1501345485
3079,3,2,2.5524805739754814,2023,Fayetteville,54498 Predovic Oval,2314227.4146783166
4103,9,6,4.372555620153435,1982,The Villages,6740 Beach Road,1802654.9577130936
2512,5,7,2.107186922710389,2008,Faustinohaven,5394 Marlborough Road,4139430.442894809
2696,9,3,0.7410846346057951,1935,Stoltenbergworth,882 N Maple Street,4947106.713964604
1704,4,5,4.750665354495868,1906,South Filomenaberg,99882 Bergnaum Manors,3944160.8639084734
1098,5,3,9.558416728721932,1973,Larkinton,16875 Jaskolski River,3764380.3147482686
1608,4,2,3.936541476659477,1988,Lake Sheldonberg,664 N Jackson Street,2365942.815330345
4631,9,10,5.469252052716911,2015,New Lethastad,76363 Smith Drives,4702378.216211218
891,6,6,1.8609321571886541,1983,New Twilamouth,63756 N Pine Street,3278074.199752882
667,3,10,1.3368726878892632,1992,Commerce City,2170 Ardith Extension,2648846.5604255907
4682,6,2,3.6573063814081253,1938,Wilson,75916 Collins Union,1693239.8409000598
1174,10,4,4.011484201368876,1976,West Emiliatown,730 Gislason Club,3462128.710572142
4274,5,5,7.486566017242148,1980,North Tyreekcester,483 Myrtle Walks,3462606.709031388
991,3,3,2.9619149789446966,1988,Port Celestineton,52471 Cruickshank Springs,985097.1793755889
2534,6,7,5.226026127091608,2008,West Morris,8293 Zoe Expressway,1259284.4958766364
1320,8,2,9.832892252667808,2004,Fort Kaseymouth,3141 Kirlin Rapids,1346621.7588400468
628,9,10,9.572547524678521,2006,New Reilly,4907 Chester Lock,1648431.2848886475
4988,5,2,0.17463322691619398,1982,Fort Raleigh,180 Windsor Close,4755820.340989158
2415,10,4,1.435332088544965,1983,Kalamazoo,583 Hauck River,2296587.589441333
3339,3,9,2.033030953188427,2000,Diamondfield,82945 Heath Road,1709434.7553211264
3034,1,6,6.5841537465807045,2019,Thadchester,1405 Lincoln Road,4621868.195058778
686,7,5,7.951965790381655,1990,Hirthemouth,421 N Broadway Street,4318843.210593332
2613,10,1,7.203601728403009,1955,West Candidofurt,673 The Avenue,4311645.170045085
2849,10,10,1.7326480452902617,1976,New Willafurt,510 W Union Street,1744834.9366197363
3979,7,7,3.863942817808129,2019,Riverton,315 Auer Lake,2021264.5925348625
2905,8,8,3.892678921832703,2023,Collinsland,863 Windermere Road,2648039.5175749436
2214,1,9,0.1709973314544186,1976,Rathhaven,716 Kreiger Square,2286068.677518051
2946,5,6,5.0091965707717465,1932,Bergstromstead,272 Geovanny Wall,2831816.85624877
1287,6,10,0.3153062493540347,1986,Lake Garrett,15659 Casimer Meadows,3678141.5394856595
4671,4,9,1.8880226289620625,1993,Port Luigistad,8806 S Water Street,1778867.2824739479
2683,6,10,6.930615814286284,1969,Bloomington,62341 Broadway,212108.6195576936
3353,9,7,8.004433781164698,2007,East Lolitaworth,485 Dalton Extension,788290.2754237875
2203,10,5,3.421663086023182,1945,Lake Arielboro,6866 Lauryn Divide,4303649.621375371
4012,6,9,2.8068042559083555,1991,South Desiree,8622 Bode Hill,1208752.5599170476
2202,9,7,3.25805487127509,1959,Wuckertburgh,188 Wood Lane,2980617.936234921
1798,6,5,4.609689002507366,1916,Jaedenfurt,351 Albany Road,594191.6056675836
4230,5,7,8.023157926276326,1996,Kennewick,94025 S Monroe Street,3587826.881289948
1108,8,2,8.361953020631336,1980,Jordanfurt,3777 Ayden Loaf,4213999.720395077
1409,8,2,8.859324348461815,2013,Moreno Valley,74438 Front Street,4821456.367871724
3606,10,9,2.5937896308256314,1912,Fort Joelleberg,9562 Sporer Streets,130964.94402270764
2832,6,4,2.561882529198192,1989,Greenfelderworth,426 Mossie Common,2845891.296688933
746,3,3,4.668793339980766,1956,West Omerborough,251 Springfield Road,55857.554206158966
4839,2,7,9.885868284432217,2022,Harrisboro,61967 West Club,4305192.903673742
4065,4,5,9.616794352256694,1998,New Joestad,194 Ashlynn Square,1398411.1899277195
2115,5,9,4.434590831724926,1960,Port Clydestead,856 The Coppice,4732414.492871612
4723,4,7,3.2500543103320525,2016,Sioux City,37788 Simonis Causeway,4629306.175862439
2462,8,9,8.253901551035232,1989,Lake Sophieworth,15023 Lime Grove,3729131.711786613
2675,5,3,2.1930018963757902,1974,Redlands,512 Flavio Cliffs,3470032.1585754864
774,1,8,2.900003708479926,1925,Paterson,245 Nolan Ford,4335081.305017229
4582,5,8,4.543572783935815,1931,South Madisenshire,77610 Emily Lake,4936941.428354476
1972,6,9,6.840448207361623,1931,Colton,65709 Brook Road,1238476.5416383743
3120,5,8,6.847569560934789,1936,Fort Mabel,655 N Washington Street,4246222.813066561
1201,7,3,0.3189745280891657,1908,West Cory,4045 Braun Streets,1763527.2170882672
3862,9,6,3.4228550297440963,1939,New Cyril,9164 Old Road,768003.714014776
1254,7,6,7.381757397437468,2016,Herzogshire,342 Wehner Freeway,3651552.864385303
1891,7,6,5.430291955289431,1970,Davisfort,906 Anderson Circles,420028.43188820407
4558,3,10,6.838024044246413,1900,Giovanichester,1374 Koss Shoal,3155272.1768035553
1004,2,5,5.697096001869068,1971,Gottliebmouth,59564 Mount Pleasant,1657689.5149890333
4813,3,2,5.867788085900247,1925,Donnybury,503 Grove Road,3608792.2524893656
4786,1,4,4.362897334806621,1960,Erdmanville,1985 William Street,3540411.250491161
3930,6,4,6.9673494204878805,1954,Louisville/Jefferson County,449 S Mill Street,656170.0952239335
3497,5,5,0.679866297962144,2004,Goodwinview,2344 Raoul Well,2328166.898305062
3311,3,10,6.101109717949293,2002,Annettastad,94151 1st Street,3582328.2618657686
3117,8,3,8.81240201801993,1910,Grand Forks,7579 Modesta Ford,3142958.6243932135
3398,6,5,1.569159297598526,1901,Midwest City,8519 Blick Wall,1687822.1911843866
774,2,9,8.591883942554706,2008,Halvorsonland,175 Chestnut Grove,1293785.7330427505
2472,1,8,5.574143821629695,1907,Camden,64854 Borer Street,675637.915788684
1670,10,5,0.5302610725397244,1979,Port Flobury,15177 N High Street,4805326.923029497
768,8,5,0.3379288574447855,1934,West Zelda,231 Smitham Fields,4590849.331882782
1060,5,5,1.0378617391223088,1955,Blickton,72882 Lindgren Skyway,2648175.6372726522
1563,4,1,0.16038206494413318,1932,Bellingham,245 W Jackson Street,2662802.9329585843
4312,1,2,1.634531258698553,1933,Lake Winfield,10136 The Mount,3775163.3742824197
2710,7,1,0.48623146344907586,1947,Eden Prairie,489 Richmond Close,2216050.859983079
4721,9,6,7.16416236590594,2015,Ronaldoport,7497 Karolann Landing,4738007.961702533
2108,2,9,3.0276882054284218,1910,Lake Hellen,5099 Runolfsdottir Fields,4056713.132513687
2206,5,7,3.8875719143543397,1914,Croninmouth,7568 Ratke Ville,2471872.849750798
916,7,5,9.698018039762974,1961,Krisshire,3855 Cassie Walks,4165321.7066661455
2591,5,9,7.0377611215692015,1902,Hamillhaven,5805 Poplar Avenue,4862185.407080688
3419,1,4,6.756939225178212,1917,Cutler Bay,83438 Johns Gateway,2052143.1512432173
1229,1,9,9.73537181019783,1984,Fort Kobefield,9990 Sycamore Avenue,3684394.0144986846
3958,5,7,1.973454138939269,1960,Fort Arloberg,57984 Clinton Street,1694449.2566981353
786,4,5,9.46646270332858,1924,Port Libbie,171 Tillman Common,2148920.025443658
4937,7,4,4.197882385039702,1971,Jalonside,301 Rohan Estate,744256.9886683486
2461,10,10,3.673673898284324,1951,Orncester,798 Woodlands Road,3556240.3438729234
1469,5,8,3.872786876698956,1956,South Conorfield,38445 Renner Estate,1672954.4930858538
4063,6,9,6.2482606950914485,2012,Bahringerbury,7758 Brook Road,2815285.7691515237
2749,1,10,5.953571637487038,2001,North Demetriusborough,2500 Atlantic Avenue,2081538.3951412514
4123,10,10,9.794159001810476,1959,Ofeliaview,27357 Oak Street,616907.1257929318
2896,7,5,0.5911119239171967,1912,South Darianshire,464 Horacio Forks,548294.8919176124
2287,7,5,6.574281661096029,1918,West Valentine,6215 Schowalter Greens,4780113.647307735
4908,5,3,2.1968097558012234,1952,Port Ianton,419 Spencer Valleys,713126.4747702517
1057,10,6,0.41567417248152194,1995,North Nikitabury,65389 Alexa Meadows,4701644.3935805
950,9,6,1.0612036620266736,1944,Carolina,38141 Antwon Mews,4151582.437369507
3441,9,4,1.0455077344551684,1936,Rocklin,10663 Hollie Islands,2820243.428403046
4006,6,6,1.1330258875852453,1966,West Grantfort,4929 Hope Views,4723309.2586975545
4025,7,10,6.80055181866046,1967,North Bernardstad,73774 Langosh Center,2667581.755819265
938,8,3,5.851571501954458,2014,Franzfort,78564 Riverside Drive,3187219.1034723073
3979,1,3,0.7659905181732029,1901,Port Sage,4992 Schiller Plains,3830489.483405836
2808,6,1,4.427623373037204,1999,Fort Lorenz,7796 Tromp Locks,3845135.452086106
2674,3,2,0.6734316823072731,1957,Vista,22685 Hickle Pine,3258053.407538682
4303,9,5,3.267859813733958,1948,New Letitia,18484 Becker Lane,3489562.0730123483
2083,4,1,6.101362341595814,1950,Alphonsoport,83764 Jacinthe Drive,4370810.270239599
2036,1,10,8.369505164632574,2022,Norwoodcester,788 Hazel Grove,3665879.8547112383
3369,7,9,8.929651199327783,1990,Robertscester,292 Macy Wall,3249055.600131396
4145,3,8,0.3793862655991689,2003,Krajcikbury,59632 Dibbert Keys,1350843.7399170361
695,3,7,3.942331202095375,1971,Marvinworth,380 White Club,3530489.1990148462
3292,10,4,8.64770914686378,1968,Lake Estelstead,4741 Glennie River,4632408.042356838
1997,4,7,5.822319298586808,1940,Boston,8985 East Street,2052886.2700331956
4706,5,8,3.9261946255108344,1977,Framiworth,641 Mauricio Flats,1956989.698088728
1737,9,3,7.13007756578736,1923,East Kirstinstead,6802 Dare Trail,334467.31966687366
3513,8,5,5.664188819751144,1947,Richardson,703 Morgan Cliff,1944371.4596214704
1483,10,5,6.5098262095591055,1910,Bridgeport,8798 Stehr Forks,3059557.8411594033
2881,2,9,6.437345551769249,1987,Ondrickachester,362 Marian Extensions,3828843.675972894
991,8,10,2.828174563241191,1935,South Macey,369 W Elm Street,1433473.1367067434
4067,1,7,6.285363192623481,1954,West Kristian,41837 Belle Ridges,758624.5577782393
1540,7,7,6.466468902025372,2022,Xavierchester,37392 Hillside Close,4409918.873407878
4626,5,6,7.100654207519256,1921,New Marcia,40315 Geo Walk,4557562.1735770255
4846,5,5,1.9697886677226053,2000,New Leonorshire,597 Clarendon Road,3811915.688053705
3367,7,5,2.5273187452228743,1914,Leannland,315 Adams Avenue,1508682.493842207
2964,3,9,4.6521615360397846,1944,Carrollmouth,19375 Rutherford Orchard,3512143.591756467
869,7,6,7.7551711814245206,2013,Fort Mariela,89277 S Washington Avenue,2839623.3734092675
2835,2,9,9.319589098868892,1973,Wymanbury,2158 Mueller Route,4547061.868954916
1857,2,8,9.308457779115997,1912,Saigetown,384 Park View,820401.2010479346
960,1,10,7.725247098319232,1952,Boca Raton,81415 N Poplar Street,549410.1786287501
3321,6,8,6.692475314205512,1939,West Glen,81571 S Elm Street,315172.2606038675
1380,3,5,5.360545638389885,1972,Hellenburgh,8150 Madison Street,4318885.225406848
745,8,4,7.3453334181103855,1922,Duluth,331 Quigley Fork,2877322.0721515827
2320,10,9,1.813432641979307,1908,Fort Manuelaville,5977 Larson Garden,1895795.7589649595
2445,5,4,2.9740123063325883,1986,Jerroldside,47358 Margarett Light,3853352.3152698763
1298,6,5,3.495517134363763,1943,Port Maximusworth,2547 Farm Close,2223651.246970985
865,8,6,2.4125748915132137,1960,Lebsackville,2813 Micah Lights,1708228.4513046034
2206,4,9,8.666091235727071,2004,Pawtucket,654 Johnson Street,2341830.403788481
3236,3,7,2.09361342608463,2000,East Abdullah,310 Railway Street,3751841.2019708194
2367,4,6,1.3556151487166064,1923,Gislasonshire,182 Gracie Parkway,3120620.767364744
2572,10,5,7.39126503567677,1925,Lillacester,121 Hyatt Meadows,96943.37300024927
822,6,6,7.014718268532306,1912,Millsville,5390 Dibbert Forks,4132845.5351060256
2518,2,4,3.9325375058455396,1903,Fort Roxanneville,56970 Fabian Shores,1546844.0366676077
4643,8,9,9.25420144747477,1906,Upland,965 Floyd Park,2299793.2580532506
2307,2,4,2.624122666567564,2019,Pascalefurt,8489 Dare Valley,983843.4760109521
1477,5,3,9.740591099974699,1977,Lockmanburgh,273 Meadow Way,4422957.081370987
3617,2,5,3.5503261737292635,1946,Alessandrashire,413 E 6th Avenue,3579502.16375757
2549,4,8,3.7452747609233485,1992,Bonita Springs,97850 Grant Street,2766777.36134734
3487,8,4,9.627967252326197,1948,Theronville,9876 Mohammad Gardens,3909942.239895463
649,8,2,1.797334070620127,1922,Wylie,29330 Palma Ridges,2675819.492142182
755,6,10,3.3402457765536386,1923,North Marcelleborough,37593 Jaron Forges,2548302.6476111263
4507,8,10,3.7663461251650006,1981,Faustinoton,64327 Fleta Course,3101119.9192726053
1484,1,9,7.758238731883466,1956,Kilbackborough,2512 Wisozk Field,578455.5856720544
2124,9,9,3.852998901065439,2020,East Osvaldo,396 S Park Street,780003.7590437569
1191,3,8,6.916123383212835,2019,Dickiton,98976 Kovacek Trafficway,1053674.5566874743
2626,2,8,2.7222712601767856,1943,Gibsontown,5640 Yvonne View,1090472.0177990384
4267,7,9,3.739966458058916,1930,Marksville,8564 Stevie Shoal,4737201.595376246
3870,8,4,0.21722904462367298,2009,Fresno,79597 Ferry Road,164942.1491078101
1268,1,6,1.6221830364316703,1952,North Jacquelyn,7570 Christopher Plains,545838.7754159048
791,7,1,6.484554235264659,1980,Beierboro,72571 Springfield Road,3768310.927040875
1442,7,6,5.321133302291855,1940,West Ambrose,22948 Sanford Causeway,3592523.6914190464
4585,8,4,0.5882964070187882,2001,New Milofurt,837 Toy Hollow,4489469.627966173
2934,2,4,4.698083850531838,1984,Fort Faustinoside,5226 Joesph Road,423858.6869207211
4617,10,7,4.409131855494342,1953,West Desmondland,5396 Bethany Ramp,4047331.8498930894
2813,7,3,5.275523873977363,2006,Fort Coleman,990 Huel Extension,3927692.140371073
1558,4,9,9.827673138072715,1976,Lake Xzavier,331 Breitenberg Station,3305133.990512695
2675,9,8,8.753020453080534,1969,Wisokyhaven,853 Harber Island,2276094.1867600195
4863,5,10,2.7735323499422524,1914,Eddieboro,2285 Brook Lane,4247724.221157841
4702,9,2,9.642478596116415,1931,Lake Isacview,1716 Edythe Parks,4317468.0428695865
2554,8,1,1.6354409523075448,1914,Erwinville,187 Kingfisher Close,59631.19440712035
2015,8,2,2.4358370513888077,1973,Gwendolynfield,249 5th Avenue,4517267.259012442
2949,4,9,8.549724320555105,2016,Gretaview,65725 Schumm Dam,2806771.6985591687
2528,6,4,1.5880992758786308,1909,Lynchstead,244 Bradly Branch,2628962.1011237614
4378,1,6,9.83880140366964,1917,Port Rogelioboro,23271 Oberbrunner Villages,500157.81646361575
4884,3,3,0.12198042396921666,1981,Bartonton,676 Ferry Road,3119099.86914834
1620,4,6,9.954187819524668,1915,South Ardenfort,4004 Common Lane,1627348.6052872613
2146,3,5,0.836880799732171,1992,North Jakayla,470 The Ridings,2591239.348310046
574,9,7,0.8640881961211562,1940,West Garnetshire,35614 Jeremie Locks,2892329.620628152
4151,5,1,1.866170756146312,1982,Tysonfurt,976 The Meadows,4776232.201163657
2547,10,9,4.1078116305870935,1971,Lake Martaport,4952 Casimir Station,2002201.9904688932
4359,4,8,4.226782231009565,1906,Mertzton,7049 Joyce Key,1626934.2358456925
669,7,9,2.340088482690044,1932,Casimertown,790 Kuphal Valley,680443.3155688457
655,3,9,1.1689757074695082,2022,Langworthbury,83704 Waverley Road,3455128.5989233293
4112,4,2,7.115417870692909,1922,Lake Renee,46758 Sandra Centers,1040437.8712293692
565,1,10,7.328356307838112,2017,West Covina,18936 Bethel Mews,1219951.0722537525
1591,2,5,6.7606392510002475,1933,West Rossbury,5867 Park Avenue,3261107.9311580397
2790,6,6,4.868114510411396,1970,Laurieton,32808 Hoppe Circles,2532477.29067225
671,6,9,2.728900104016066,2021,Fort Margretfort,4344 Joana Overpass,4094001.3388637453
848,10,5,4.782587169087492,1961,Darrenland,2989 Kulas Crossing,822741.5108704008
4000,3,9,9.495915360748768,1999,New Huldaview,824 Josefa Ranch,4021314.839029219
1858,5,6,3.124778606602922,1960,Green Bay,5167 Ziemann Crossroad,2134200.2533725463
2577,3,2,3.7720183912198992,1931,Dooleyside,275 Priory Close,4100893.510878086
2935,8,2,3.4491861484479163,1947,West Alexacester,93144 Ernesto Field,2795984.2710057274
777,5,4,8.774074656423181,2001,Alexandriastad,1578 Becker Springs,4027183.3432489075
3597,2,4,2.5050029034726324,2002,Lake Timmyfurt,42044 Upton Divide,2949326.7333949916
3223,5,5,2.300470483186655,2010,Jayneworth,353 Cole Mills,738246.991741471
4853,3,9,8.410180261684582,1927,McKenziestad,5006 Church Path,4085535.3418388404
4134,5,6,9.227970544272102,2014,Christianchester,52077 Brennon Points,373516.1409014836
745,5,2,6.521983741852455,1907,New Magali,6852 Cummerata Camp,3200848.545320332
1476,6,10,3.5681317070964726,1961,Alameda,8681 Glebe Close,1212422.2009209916
4818,7,4,5.582124909735285,1946,Springfield,11135 Fore Street,4865144.613373559
3832,3,9,1.4721380701754243,1907,West Johnnytown,9975 Hegmann Court,501024.7772443108
3858,1,7,1.9489359902683647,1948,North Wade,2235 New Road,595056.8111729808
778,7,2,0.11277676068712027,1929,Kiraburgh,22836 Moss Lane,4719368.075567763
3266,9,2,1.9622672496829183,1921,South Kevin,3952 E Jackson Street,4955329.043511301
923,10,2,8.054189029126428,2015,East Elvaland,2881 Pouros Falls,4290822.321898304
1057,7,4,6.271377811371349,1920,Bentonville,159 Lorenzo Place,3527476.202696562
4853,2,8,1.251798744662665,1913,Nikkoboro,94692 Beier Point,188689.16258215904
4549,9,9,9.033728744089604,1989,Amaraboro,3629 Leann Pines,1504702.6612330228
1634,6,2,9.956445776624605,1932,Mohrland,6487 Heaney Plain,3147619.6040865034
1323,6,4,7.836676164763048,1982,Reillyport,7392 Parisian Hills,3951505.8577642776
2489,1,3,8.545360436476766,1984,New Kiana,80035 Orie Drives,2652454.8048269935
2335,8,7,2.5046564284944908,1922,South Bellahaven,2885 Jana Land,4157598.032045644
807,5,6,8.557543655950576,1937,Cruickshankmouth,369 Theodore Camp,4007290.8198228106
4802,3,7,4.7035601965151725,1984,New Anaischester,219 Schmeler Ports,2458079.7789036296
4977,3,4,1.0024363235803322,1909,South Sonia,57495 St John's Road,1990828.135004267
1267,4,10,9.933106324705296,1968,Millsboro,51332 E Main,3465280.621428974
2835,6,9,7.866523834038526,1920,Port Elisa,8360 Gorczany Wells,1905243.2591444813
4409,10,7,2.126533308881335,1916,South Maynard,7030 Lime Grove,2104122.99685413
1094,7,2,1.1867794383084402,1989,Lake Arvidhaven,51566 Jasmin Pine,1531087.990629021
3678,6,10,2.1293325062142685,2000,Roxanneland,54760 Davin Via,2329177.04944266
2507,2,2,8.489849856332876,1968,South Rosinaberg,31187 Erdman Key,1573209.698451683
4090,8,4,6.722010484547354,1905,Port Kylee,8012 Balistreri Vista,1694921.1860308424
2731,3,10,9.521118917339482,1900,East Kellie,6314 Elody Spring,2845722.6219936274
3401,10,2,7.8538800132693725,1958,Lake Arnulfo,1625 Gussie Forest,1980470.8432522602
2358,2,10,2.0668462361441926,1917,Luisaborough,351 Bernhard Junction,4897173.7901913
2146,4,3,4.123488089931198,1941,Keyshawnfurt,7928 Lori Mount,4317022.320500109
3584,10,10,3.970968699525111,1952,New Jewelltown,4066 Dillan Pass,2588093.165436294
3687,10,5,8.754992294544355,1912,South Emiestad,126 W Front Street,4392565.138451755
2940,6,5,2.290908052236773,1942,Kohlerview,542 Denesik Mill,4095455.4282827303
2577,3,1,7.909796692430973,1999,New Marcelchester,7379 Herman Fields,3168385.919230059
3069,8,2,7.656577875046059,1980,Gilroy,58286 Lester Crescent,1066505.9740887955
3275,7,6,7.8754345565102994,1981,Huelsstead,82612 Kamryn Lights,414732.0851800032
2975,3,1,2.1220116367330775,2018,Meghanshire,939 Keara Bridge,4043741.652672179
1525,7,2,5.56775262800511,1991,South Phoebe,38887 York Road,3091249.299782794
2299,3,6,7.51142091138754,1974,East Drew,331 Nico River,4023344.0824900754
3334,2,1,0.8062059151940048,2016,Jerdecester,83041 Jasmin Station,4981293.651973829
1418,10,5,3.174438115418889,1952,Nicolasville,859 Lind Fords,2110889.2431366257
2096,3,2,4.832611459377222,1993,Helgaton,559 Charles Street,3203191.0207122564
1956,6,2,5.416896888217889,1927,New Aliyah,3782 S 2nd Street,4625280.842091888
1796,10,5,2.0193216376705094,1908,South Humberto,71491 E Bridge Street,2159977.702004835
2380,3,4,7.877393252425827,2009,Sengerside,62647 Trevor Fort,1914068.987336941
2145,7,4,6.735830395086668,1903,South Jeraldborough,2525 Greenholt Ford,2218186.040013097
4865,5,10,9.680902307690122,1915,North Bretside,312 Sauer Course,4121736.718143802
2778,4,9,8.587093712133356,1910,Harrisburg,24116 Joany Row,4529757.257504389
4185,5,5,0.15736525035463275,1991,Deborahview,1575 Heller Land,4318545.655126218
926,4,1,6.224240924743936,1995,Brakusland,825 W Grand Avenue,1466542.4887440167
3965,3,10,3.885972901200876,1926,Livonia,568 8th Street,422633.7732980028
4271,5,7,1.3824295178754256,2014,East Kathryn,587 Tyrel Estates,61400.62946360558
1087,9,10,2.7284338139230386,2003,New Arch,48577 S Broad Street,2024310.7293266803
2551,5,6,6.848321390408091,2021,New Constance,304 S Franklin Street,2042983.7997304276
2897,2,5,1.1911486977012828,2003,Grahamtown,5562 Marsh Lane,2867226.84657434
4308,7,4,3.758991528581828,1981,West Oranfurt,307 Brook Trace,3147420.7036197186
1919,1,6,1.869659890769981,1939,Wilhelminefort,479 Carlo Ramp,2418348.532449454
3431,6,7,1.7304547717561947,2018,Beaulahville,255 Boyle Shoals,4854064.573475625
3896,9,2,3.0898754701716826,2014,Rowenaport,3925 Lexie Parkway,2961584.324447904
3637,10,2,1.4016766866203398,1916,Haneland,7765 Frederique Port,3320091.186906211
1273,5,2,1.792487376346253,1942,Leannton,42812 Olson Mews,3141442.3419861123
1825,5,8,6.648910702089779,2013,South George,773 Enoch Meadows,2013215.1489611715
2860,1,6,1.9486388128250838,2016,Lake Brendafort,85900 N Poplar Street,1026565.0269808248
1354,7,5,6.383834507944994,2015,Emilyboro,35684 Oberbrunner Ramp,3607697.4839437753
3377,1,7,2.250224071624689,1947,Wisozkworth,6564 Clinton Curve,1601044.7642300278
3267,3,6,2.3176814934005963,1966,Camilleton,32091 Hulda Overpass,4728511.388727929
4694,8,3,4.699185736989603,1955,Marquisechester,6100 Cedar Street,3366342.9745240137
661,5,1,0.14878585424739868,2007,New Lornacester,582 E Front Street,2222570.367343724
2263,3,2,7.64812083649449,1901,Wolfstad,33422 W 5th Street,2548909.8864258267
3502,6,8,5.583660398749634,1955,Summerville,63139 Oak Road,1517303.3884377219
4240,3,2,7.775862479582429,1920,Austenton,27444 Creola Plaza,3626625.449594576
3115,2,10,3.588862186041661,1909,Louisville/Jefferson County,73822 Park Place,2629422.9167862795
3620,6,9,6.012893013656139,2012,Stoltenbergton,966 S 9th Street,4890353.993605822
4069,7,3,9.626499703875742,1997,Aspen Hill,17148 Cliff Road,3562251.938180998
4628,10,1,6.726243890472688,1969,Nikolausside,8854 Sporer Cliffs,3812791.9288584962
3626,10,1,3.502088023000397,1974,Toneytown,54043 N Park Street,3214600.6904775277
1064,1,7,7.144688090123236,1917,Port Willyton,12536 Chapel Road,1362265.9363318235
4322,4,10,2.8747835418907925,1966,Collinton,21815 Schaden Loop,1475220.392330084
775,7,5,6.415159526630305,1959,East Justineburgh,7255 Sandy Drive,2181117.598048877
3815,8,1,0.30807390429545195,2019,North Davinfield,232 Fannie Hill,3998088.305594865
4292,8,10,6.420285552856512,1968,Rosemead,5080 Emard Parks,3831203.984178137
850,4,7,5.341552294208668,1987,South Otha,329 Sarah Stream,3036622.8194208816
2759,4,10,9.073888004571199,1984,South Russelville,9955 Hane Forks,2160359.953250736
938,8,8,9.963010863517411,1939,Hildaburgh,497 Clark Street,1991738.826688379
663,4,2,5.091747670527547,1998,Reading,34975 Friesen Road,3662491.648993455
3862,7,8,8.451122674602084,1960,Medhurstcester,8210 Haylie Shores,3391425.4931849428
2504,6,8,5.684698057943024,1995,East Alexisport,906 E Center Street,2607284.709357191
753,7,4,4.052790628187358,1941,Dariuschester,66245 Mallory Oval,4481150.235037785
2652,9,4,8.356952459132298,1902,Cassinworth,33084 River Road,1150171.025947202
1932,4,6,1.6774979247013109,2003,Malikaboro,389 Natasha Club,288122.4310025573
1748,2,1,8.395046026818454,1988,Powlowskifurt,37270 Waters Lake,4244543.261243962
3388,9,5,9.338234071037732,2020,East Lowell,8058 Poplar Road,3352481.794846244
4626,9,7,3.8021207125624645,1982,Palm Harbor,15527 Candelario Underpass,4404786.2859326415
2848,9,10,1.3068259498802945,1901,Schillerworth,94789 Pearl Stravenue,1970393.422828056
2943,8,7,8.811310538742692,1975,Sagestead,143 Terry Forge,4041499.8272783123
4461,7,8,0.7525599445216358,1965,Koeppberg,14630 Moor Lane,3039026.6026719473
2562,8,1,5.6186428487300875,1939,Lake Tellyfurt,7465 S Pine Street,3382974.2667498067
2507,5,6,6.411890224390663,1915,North Jamil,650 Cortez Cove,4292267.77208969
2031,4,2,0.5471480702282862,1971,Port Avis,870 Myrl Tunnel,1292310.2541593835
902,10,8,1.6633212679997087,1965,Grantfurt,40936 Grove Street,2841897.98545558
2232,10,6,3.392977819289081,1982,Fort Delpha,4216 Predovic Squares,3961460.6163697317
3094,10,2,6.942691813292913,1995,Jennyferview,465 Ridge Road,132757.00173107907
2492,3,1,5.491784280841238,1975,Kesslerworth,87338 Sophia Rue,3620963.5400096886
1283,8,9,8.094375244551339,1977,East Cooper,29854 Manor Close,3477813.5325410403
1604,4,7,9.661104717804118,1919,Conroyland,40414 Tillman Shoals,2096449.5832682587
1944,1,6,3.8492251052754,2021,New Shanelleshire,82637 Martin Common,2998692.216887139
2117,4,7,5.79788598860614,1958,West Keeley,8178 Earlene Cliff,4573584.460187703
3196,3,5,8.569781020423397,1955,Stehrville,320 Rosenbaum Tunnel,1389619.8377013206
4051,8,1,6.243125448771752,1964,Kesslerbury,483 Emard Trafficway,3800343.819556292
3641,5,6,5.387637336435728,1935,South Aubrey,6237 Jacky Crossroad,1458550.7687181234
4328,5,4,7.050692155165597,1989,Lodi,6071 Franz Harbor,3709653.754881583
3746,3,2,2.533606749866158,1999,New Oleta,1547 Feil Shoal,3885853.482503444
2515,4,7,8.997114143939688,2011,Purdyside,129 E State Street,1385609.2215050012
2707,5,10,7.592939021834172,1970,Port Lucie,301 Patrick Brook,2978726.87431518
3068,4,2,6.830950997048057,1911,Fort Micheal,330 Jamey Meadow,3992507.43141165
4870,2,8,4.347873644251377,1914,Janickville,139 VonRueden Forks,2554876.630741637
3712,10,1,8.645761798578315,2022,Halvorsoncester,8855 Saul Ferry,4527436.334080994
3615,4,6,3.549650290166028,1916,Port Garret,56293 Satterfield Drive,3866529.308690224
2091,1,10,0.2964091191533953,1980,Darebury,673 Castle Road,402861.18945805356
3208,5,6,8.79922885785345,2011,Saraiport,8164 Talon Manors,2646326.473762747
2254,9,8,8.96580614093691,1986,Bashirianton,7331 Willow Road,304850.2564546652
4268,2,3,5.1942958945175635,2019,San Luis Obispo,8193 Birch Avenue,2174819.934205152
2329,7,3,9.848021918977611,1945,Reichertport,990 Kassandra Canyon,659485.3481044993
2842,1,1,1.2120116555597635,1996,North Eleazarview,1480 Rippin Plaza,2414788.5932703502
3359,9,4,8.973446205444635,2011,Keeblerton,28878 Ofelia Walks,4117167.738848366
2048,3,1,3.460029356414452,1929,Jarenton,3906 Bogisich Ridge,3959929.7097418457
3376,10,9,3.189332932117395,1958,MacGyverfort,85511 Zulauf Viaduct,3854121.646785643
2952,5,4,7.085981931607239,2019,West Sanford,12657 Mulberry Street,4079256.2253656797
1145,5,8,4.906730297277681,2012,Ebertstead,17223 Brenna Forest,465481.1116983183
1103,1,1,7.9527231542160735,1921,Bel Air South,68953 Creola Grove,3188638.7397069484
1596,1,8,2.9984449916519225,1990,Kozeyworth,5395 Park Road,1324439.9069459178
1337,5,2,3.424565294850618,1947,Marielastad,83969 Jensen Turnpike,2263282.1822655387
1166,1,2,2.0176209868164734,1926,South Jake,1077 Hill Street,1366731.523803901
1940,2,6,4.561776786693372,1975,Pembroke Pines,73884 S Main Avenue,4779482.043243479
2993,10,10,9.085723467473873,1990,Ludwigland,389 Harris Overpass,2537776.577437762
2657,3,9,4.286286563798785,1906,Powlowskistad,367 Tomasa Springs,2219007.5434278697
1954,5,2,4.797635456547141,1953,North Kirkport,770 Jayce Ferry,4128911.2174883485
2405,2,7,8.225158942234703,2013,North Rubie,87218 Kelsi Locks,4054743.9326066524
601,9,3,4.500149886962026,1974,Corineport,494 Heller Coves,2914594.051137101
1521,4,4,9.532956357952207,1972,Wilmington,612 Kaitlyn Fall,4891739.2043164
4167,1,10,6.894997555878945,1994,Port Ivoryside,81489 Maud Canyon,4134047.3304968327
3930,1,1,5.325540735176764,1912,Audieville,3531 Kassandra Glens,4065282.6469857246
1599,5,7,0.9849300951929763,1944,South Cornelius,764 Franey Heights,2891753.081267234
537,10,7,3.2570646101841705,1916,Farrellchester,14770 Prospect Road,507185.52039470524
2405,2,4,5.38072675880976,1931,Port Lailastad,7086 S Broadway Street,1630908.2897612825
4476,7,2,3.6702865511877465,1932,Casa Grande,7732 Cromwell Road,2155578.3977848478
1609,9,6,6.915244514681398,1908,Strosinborough,5938 Halvorson Burg,4626221.545180306
4488,9,10,0.9929459084756672,1961,Madelineton,58072 Devonte Well,2212411.77667398
4233,9,5,4.744462654157542,1906,New Winstonhaven,222 Cloyd Grove,1862750.7168566808
3082,9,8,6.240418830397538,1965,Pomona,142 Water Street,3995787.672139704
3438,9,3,1.0100371058797464,1983,McCluremouth,753 Mann Orchard,2336916.029418353
2312,9,1,1.0161668591434136,1904,Wheaton,7398 Hermann Key,1758486.9262063876
2051,2,9,3.7883483869256454,2011,Stantonstad,798 Champlin Stream,1650045.4939086922
4092,6,1,3.0471087626414377,1930,Glennaview,40710 Craig Course,628620.1251088642
1198,3,5,2.2902282270835714,1958,New Kennethview,60103 Joey Crossroad,2991328.2745867036
2258,2,10,7.265994555130601,1921,Gildaworth,24133 E Water Street,2288681.0169788077
2238,1,10,5.186185294063762,1962,Kentown,2028 Graham Crescent,4360903.69123267
2248,2,5,9.4232411847217,1924,Perris,25772 Dexter Route,3462723.52070082
2169,5,2,6.308124238112941,1969,Franeckimouth,53377 S 1st Avenue,4958314.29080572
2146,9,7,6.559835489536636,1949,Lehnerboro,5600 Daugherty Corners,1624406.4515572973
747,2,1,8.760321252723225,1982,Rathview,8784 Green Parks,2396883.131377399