written_number,age,label_id,annotator_name,country_of_origin,digit_width,digit_height,
3,94,S0yw6J75C2,Mrs. Heather Lynch,Andorra,9.764747253619134,2.430173549,
1,96,nIGzynEfV6,Tamara Barton,Democratic Republic of the Congo,0.9889981914311647,10.076050934847444,
6,49,Puuma3cSSp,Nellie Bernhard,Bonaire, Sint Eustatius and Saba,8.004589744,9.548785001505166
9,81,MDPL9zgkJH,Mr. Willard Kreiger,Lithuania,3.703850178979337,9.238643792457879,
9,62,BmVf14epah,Daryl Koepp,Benin,1.9046271122060716,3.2920938027091324,
5,24,jt8leDHSNx,Wm Harvey,Iraq,4.958320576231927,5.451476159039885,
3,29,PTrHqmgz2r,Gretchen Wolff,Pakistan,2.346216367557645,5.570631955750287,
6,16,yyzFbjmZog,Amelia Hermann IV,Djibouti,2.838509971741587,8.727593424,
2,5,RxIXihOr19,Carolyn Stracke,Philippines,5.085206944029778,3.925123947672546,
7,42,XKm4jFsbxM,Ms. Julie Kessler,Montserrat,3.022774594835937,0.5372778135351837,
7,46,J8Nf8qeSbg,Douglas Heathcote,Kenya,4.962000404018909,2.5918850507587194,
3,54,AViz8y0cjY,Fredrick Dooley,Namibia,9.169913548510522,9.445313126314431,
3,24,dEamygP3JX,Adrian Balistreri,Sweden,9.751592722721398,4.813671432901174,
5,30,87BeY7qZcL,Louise Batz,Republic of Korea,9.807412260677665,9.860155721660703,
3,41,RScq0w71x4,Jared Price-Yundt,Finland,9.771627108100802,4.873344876803458,
7,31,cTWkYmcwci,Karla Wisozk,Cameroon,2.8645381769165397,2.446997002,
4,34,gg3iEUsZNH,Roderick Zemlak,Egypt,3.0544671155512333,7.091883935034275,
4,84,LtUlKTBwh7,Darla Schiller,Saint Martin,4.849473949987441,6.045432406943291,
5,97,PpJRDfsySK,Eunice Paucek,Faroe Islands,6.925395878,2.7257263609208167,
5,32,SHPJvEaLdR,Gretchen Nicolas,Ecuador,8.796469557099044,3.8489670185372233,
1,11,RvxxC9oygq,Miss Olivia Koepp,Austria,3.2382965479046106,2.0941362734884024,
7,89,cHCx9ENgtf,Ernestine Miller,Costa Rica,4.243057663086802,7.112690952606499,
6,80,oFviJYQZRt,Andrew Runte,Kenya,7.181302029173821,9.796720139682293,
5,21,I2Jck3TMDP,Clint Aufderhar,Malaysia,10.136353147216141,5.856745229,
8,18,Y6Y5gzf9hv,Wendell Jaskolski PhD,Croatia,1.943385207094252,9.221853129100055,
6,7,J0nu3j88JL,Albert Bernhard MD,North Macedonia,8.774502933491021,3.656464579515159,
9,61,4kxFO4XZW6,Herman Rath-Waters Sr.,Ireland,8.85561502,3.3525335201993585,
7,28,Fmxa49gnPq,Dr. Lola Harris,Cook Islands,9.578386873,8.426492724,
2,23,n2EKGqeoU4,Dexter Ondricka,Kenya,4.507715715561062,2.8667789273895323,
8,8,pvdKnw2vlR,Christie Bahringer,Senegal,1.195054642856121,3.5484814010560513,
9,18,nQ0tRpa3s1,Eileen Stroman,Latvia,5.284185714,2.0220781858079135,
4,78,6wrOhp7a49,Margaret Johns,Norway,2.140543893445283,10.271114639006555,
5,56,NOtBMFgAoH,Delia Mohr Sr.,Nigeria,1.736571108456701,1.6175922746770084,
3,14,TnxoSN3dSo,Mr. Roy Mayert,Japan,6.005545772612095,4.312108007259667,
7,81,4iXghO3bEn,Margaret Wisoky,Spain,6.718362096697092,4.452504945918918,
2,35,XDZf0ijl8S,Alexandra Schowalter,France,2.547747988253832,1.9351952052675188,
3,64,6P7NbYsqD9,Marie Predovic-Purdy,United States Minor Outlying Islands,4.954183680936694,5.457078695297241,
4,77,Mx9MtITJkU,Whitney Johns,Guadeloupe,8.871636550873518,8.118550053,
1,72,MFACYpRqmL,Jason Kerluke,Uganda,7.9251094134524465,3.843874509446323,
1,80,iskyJkOWmU,Jake Ledner,Mozambique,4.583302887156606,9.664338803384453,
9,87,ueJSxU6OX9,Reginald Schultz,Ecuador,2.811896109,4.645214480813593,
6,27,uRkPXyWS3N,Aaron Gorczany MD,Liechtenstein,2.2408630601130426,10.232050551101565,
3,26,E63TmVkZ7F,Ebony Kulas,Dominican Republic,9.470114996191114,4.116082263179123,
4,72,uMELcj9mNE,Valerie Stiedemann,Guyana,0.501082921,2.2888731020502746,
3,41,KTqkmpLuQ9,Cecilia Yundt,Serbia,3.332183262798935,1.1141083920374513,
3,95,XahkDl2gJo,Dawn Ratke,French Polynesia,1.0486348760314286,3.622800204437226,
6,47,TFjwErK3bk,Tabitha Abernathy,Sierra Leone,9.936097079887986,1.9852600893937051,
2,98,skMF30zgf8,Justin Mante,San Marino,8.430913500022143,9.857127841,
4,95,Dor8CTHGWP,Domingo Mertz,Estonia,8.507546176668257,0.8000915702432394,
3,85,vb2A28gcHw,Ernestine Krajcik,Peru,0.6153978914953768,4.2117152428254485,
7,33,rNozpabp0P,Amy Zemlak,Isle of Man,9.771922635380179,7.646495203487575,
6,76,DPjsi1umdn,Nicholas Wolff DVM,Papua New Guinea,1.0816101119853556,8.957843293435872,
7,59,9zllu7pNjS,Harry Renner V,Botswana,5.357094937,2.453372317366302,
1,54,TjauLLVHbM,Tyler Hane,Palau,6.481597709469497,0.5482015241868794,
1,52,Eazygr8nFH,Janie Kemmer,Anguilla,8.931775821372867,4.945995106361806,
1,39,MvBo2pFG0Z,Jane Jerde V,Angola,7.500724286772311,4.176438287366182,
2,95,tmCM6lIWIG,Rafael Murphy,Samoa,3.2390156779438257,3.7856919430196285,
3,4,a8UGbizSFh,George Prohaska,Pitcairn Islands,7.285555109381676,6.786546515766531,
2,57,ZsImEQn87f,Ms. Heather Schimmel,Armenia,5.085674987174571,5.150707286782563,
6,6,aZMfdNNDPg,Andres Fritsch-Harvey,Greece,6.065419404301792,7.865400274284184,
4,21,wxchE0aawu,Carole Ernser,Czechia,8.121706172358245,10.263257715385407,
8,42,dweP7YlvER,Gladys Leuschke,Kiribati,4.155837853439152,0.9642831021919847,
3,27,uANu0qLkQe,Angelo O'Kon,Burundi,3.8300195285119116,4.858800956979394,
2,58,Xh8lW2kNAO,Pam Upton,Saint Lucia,3.8138585928827524,9.755399934,
4,32,s0WoHADDQ8,Raquel Yost,Qatar,6.809942854568362,5.1268094051629305,
4,95,Tl8p0l7MkA,Craig Altenwerth,Romania,6.435047797393054,9.439388429,
9,60,8O8thvTjud,Bill Yundt IV,Morocco,1.0069359811022878,10.291240012273192,
2,83,g9ZsWQ6Wu1,Rafael Reilly,Slovakia,8.128649186808616,2.5803313329815865,
3,43,UqFwORSDb8,Penny Howell,Papua New Guinea,10.135089614894241,7.336342022288591,
1,69,pC0jyJkjXT,Nicole Mann,Afghanistan,5.0435269409790635,8.502033405937254,
8,44,PUAxkuwXMC,Francisco Balistreri Sr.,Romania,10.374307464342564,2.5664344145916402,
5,37,wCBCxteL9v,Alma Barrows,Lao People's Democratic Republic,5.805997810792178,3.3153181448578835,
3,27,MFOxAgRABH,Colin Bogan,Oman,2.4186200154945254,6.087350097484887,
1,79,eobdoBSyiM,Katrina Strosin,Netherlands,8.205224989913404,4.747517134062946,
2,27,VXG5PyOx0B,April Moore DDS,Virgin Islands, British,10.358343659434468,6.638718363363296
8,42,TN0mIhs80q,Mr. Jacob Luettgen PhD,Mali,0.746860571,3.470890107098967,
5,77,Dn64Gj3coo,Nora Klein,Cyprus,1.197930392343551,4.404766705818474,
4,47,gFWL54XcE2,Joe Turner,Monaco,10.19205085420981,5.186435852199793,
9,3,zUSbF8YC9H,Naomi Abshire Jr.,Czechia,4.910620257258415,8.159893622621894,
6,81,VDuMxSCXWb,Nelson Renner,Norfolk Island,7.940633813,0.6924083265475929,
9,63,vhthccUUiQ,Mrs. Tricia Christiansen,Sudan,4.173686149995774,5.080248591955751,
7,19,PkJ3ccw1gc,Harvey Olson,Jersey,4.890090929809958,0.6454459736123681,
5,10,rVEbmzTjqK,Edmond Windler,Svalbard & Jan Mayen Islands,1.383128026034683,0.5750627182424068,
7,63,5gV1Oe8Tzp,Jake Morar,Syrian Arab Republic,6.233248321339488,8.298870245,
8,98,CjwWsxjGnq,Katherine Stracke I,Grenada,6.721454492770135,1.8266435055993497,
1,100,GEmumoQRbc,Jeff Berge,Senegal,1.5070874937810004,8.980038824491203,
2,32,OIQeBPCI6w,Darin Cummerata,Guernsey,9.720307306,9.866504489444196,
1,33,HsFplOxSot,Miguel Harber IV,Ethiopia,7.346606903709471,3.131574987899512,
9,37,e03aK5ZUYC,Joyce Abshire,Burkina Faso,1.730264911428094,3.7685915287584066,
2,56,veuloX9fTr,Dr. Darryl Strosin,Jersey,0.7986808191053569,3.438632871955633,
3,56,kPXzb8JVvY,Mrs. Eileen Stark,Uzbekistan,10.455149658489972,0.6772030536085367,
2,71,MfwTUOrkuj,Eva Feil,Japan,7.597394820302725,2.599417762365192,
6,88,ohrHhwzqyZ,Marlene Barrows,Ireland,1.2845928333699703,9.318554769,
3,52,deDkCz1vSF,Theodore Thiel,Ethiopia,6.056616636458784,3.782760886941105,
8,3,OnsDHEY6r4,Woodrow Zemlak,Cape Verde,3.1250542234629393,8.949886091984808,
2,43,YbLmisnO6d,Edmond Sporer,Central African Republic,10.317813669797033,8.744084436446428,
9,52,J2u8is8Q5v,John D'Amore-McKenzie,Lithuania,9.808251750189811,10.36962013412267,
2,43,W9zQq94KnN,Al Hauck,Myanmar,3.1677099987864494,10.171095523517579,
4,65,2NTghy12of,Jonathon Rippin,Saint Lucia,3.1449953950941563,5.734903576783836,
7,70,KoNSjgPaLa,Claude Deckow,Uruguay,7.420180155429989,9.859377434011549,
4,12,K9xVe9TgQk,Laurence Deckow,Barbados,0.5178668252192438,4.8078837636858225,
1,41,NNjG3bzi4Z,Bradley Schimmel,China,10.223699453752488,10.282479046843946,
6,18,LbtuTak1dZ,Angelica Purdy,Tunisia,6.240393423475325,5.627607195172459,
6,18,emohHfPmxi,Carl Schmidt,Dominica,3.6903933361172676,3.3341801394708455,
4,3,RI3vgSMdoU,Johanna Nolan,Congo,10.048897615168244,7.143516800832003,
1,74,rrOjotgltr,Lucas Waelchi,Jordan,4.355076231993735,3.5382615397684276,
5,12,obOL0pY0M9,Gladys Jacobs,Anguilla,8.260417046956718,9.552687662187964,
8,97,myJkklb475,Bertha Stiedemann,Equatorial Guinea,5.761225609574467,3.230171855073422,
5,97,S0ZGRTy18j,Dr. Carolyn Bogan,South Sudan,8.111097745,5.974849613383412,
6,83,iGhmGJau8w,Milton Larson,Guadeloupe,3.277893515303731,2.109674929641187,
7,11,oljcZ3tuok,Mrs. Pauline Pollich-Schamberger II,Azerbaijan,4.026462906,8.170582660939544,
5,62,IX9q4rCVfB,Lynette Greenholt,Namibia,4.382262411061674,7.678097204305232,
1,73,Iog2GMY7FX,Lydia Ernser,Croatia,4.578586339019239,9.209158806595951,
2,32,yuFxKK0kqY,Alfred Wisozk-Daniel,Falkland Islands (Malvinas),4.346581785473973,3.7130556041374803,
4,97,WirjOT4uvp,Glenda Raynor,South Africa,8.156096280552447,4.702990108169615,
3,51,ecQbWRJ8Q2,Guy Kautzer,Azerbaijan,1.0443287664093077,7.147845059633255,
7,50,o9GamyPL1b,Greg Macejkovic,Isle of Man,8.242401084396988,0.9157633427530527,
3,45,IOr8QyVf8S,Fernando Powlowski,Norway,1.4177598380483687,7.771390189416707,
3,41,2i0dCphAYH,Marsha O'Hara,Chad,4.594147325959057,7.168350615072995,
9,100,CNYRkH2QYp,Randolph Kessler,Venezuela,0.98760361,8.113980225287378,
8,68,8m1YbjxxWU,Marion Jacobi,Tunisia,1.2827788428403437,6.079884804,
8,93,cw0X89Qn9s,Miss Lela Gusikowski,Bouvet Island,5.618496648501605,4.791554507799447,
7,67,DHE9bP8AXx,Dwight Jaskolski,Liechtenstein,5.409323214087635,3.4383033933117986,
4,22,K2wcYx2d55,Donna Hodkiewicz,Brazil,5.751347511075437,2.657762022688985,
4,13,nUf1sFWWzI,Wilbur Connelly,Saint Pierre and Miquelon,4.048916245345026,2.4497007061727345,
5,65,io5tZcKjol,Elisa Lueilwitz,Grenada,3.9044597600586712,3.411405552,
7,64,kShIzRUiZt,Darryl Shields,Canada,4.352437133900821,9.238471125252545,
7,51,gyHt8XcPop,Darryl Anderson,Saint Vincent and the Grenadines,2.5607564598321915,1.5495291417464614,
2,16,QuZODcNFCy,Darren Ernser,North Macedonia,4.024792012758553,4.681299610063434,
9,13,wboRRkO08q,Dr. Nora Moen,Eritrea,7.690687581896782,4.1715944251045585,
9,32,MuZT7RXywv,Taylor Ebert,Cote d'Ivoire,6.8114596996456385,4.856260672211647,
5,11,ROWr2293do,Lola Hermann,France,2.721340723335743,6.431681294,
9,46,TiA7jVsSNr,Roosevelt Ruecker,Western Sahara,7.626726624555886,2.143091947771609,
9,74,enCBQn1lGr,Lila Medhurst MD,Peru,2.0120056946761906,8.118781544733793,
4,1,LNZKcvr6ev,Jodi McKenzie,Suriname,9.947401035577059,9.096960152499378,
4,43,dcjiOopTV7,Enrique Quitzon III,Burkina Faso,10.371036044787616,2.395357104949653,
9,66,GOcwi4BGL6,Wilma Olson,Canada,8.195165851619095,6.255082429386675,
1,92,3DK5K0aKFl,Megan Okuneva V,Montserrat,3.2015902032144368,2.2512374673970044,
4,100,EWoS8rbhlU,Sean Kuvalis,Cote d'Ivoire,4.999900687951595,5.483629041817039,
3,5,dootFLAEeL,Delbert Schmidt,Serbia,7.618904246017337,5.0337214530445635,
2,46,E99jWtycRo,Sheri Windler-Upton,Greenland,2.997876000124961,7.727566870860755,
9,14,PUujBlGKlD,Alma Fisher,Kazakhstan,3.2525259368121624,7.1771008633077145,
1,92,ViyU1lJjpg,Bernice Schmeler,Venezuela,2.2620296380482614,1.9752233400940895,
1,88,6ZvC2TiqWL,Cody Gislason,Monaco,2.833381592761725,6.367710311431438,
7,60,RHc6TS7920,Vanessa Walter,Czechia,7.804784618318081,8.989219576586038,
8,80,pEqMQkx3EC,Dr. Randolph Rice,Ukraine,1.190859453752637,7.214918967336416,
8,42,jLPQQNc531,Dr. Guadalupe Jaskolski,Heard Island and McDonald Islands,6.4388251206837595,7.941116995178163,
9,62,0vk5ch0fiV,Regina Franey,Antigua and Barbuda,4.7704118811525404,2.3514473689720035,
8,71,MXIflQXMnv,Francisco Keebler,Faroe Islands,2.993217659648508,3.707540602888912,
5,35,RQkdL7caOI,Freda Stiedemann,Egypt,4.672791836317629,3.5534297949634492,
5,81,52ihhn0Hh4,Mandy Jacobi,Seychelles,4.746971232350916,7.507560858037323,
9,73,85d6NSMhva,Vicky Beahan-Stark,Lao People's Democratic Republic,9.447119656950235,6.620208869688213,
3,71,4JUrNXB0dD,Cristina Koss,Armenia,9.054503701161593,1.973535276018083,
9,53,hqgynHEgQG,Dewey Goyette,Saint Martin,6.300520146731287,4.566843420732766,
2,14,GqrxsbxBkh,Pat Schinner DVM,China,9.960747211705893,5.142503417562693,
1,69,zgg9iHNwAN,Rafael Davis,Bolivia,1.629440818913281,2.433027235791087,
4,77,g3qLHi3Kdr,Doyle Marquardt,Macao,3.556509429588914,5.898069492075592,
7,6,Fx2sBsUpdL,Jon Skiles,Algeria,0.9461510968394578,5.112929204013199,
3,72,gkNL9Byd9o,Mamie Hoppe,Italy,5.468529188,2.4018043228425086,
5,77,QSUR4sMyYP,Timmy Wyman,Iraq,5.111290057655424,1.916538837365806,
5,99,3MijCDpUzY,Whitney Zieme,Trinidad and Tobago,1.1855453737080097,6.716260578949004,
3,18,6hjIQIGPcL,Wilbert Becker,Cook Islands,8.889591353479773,3.923146284,
9,10,6WMtLRUWRt,Byron Dare,Guatemala,0.9885535500943661,5.392057613,
1,54,XJSTaz5kbk,Ms. Beatrice Stanton,South Sudan,0.507187866,9.90381113,
5,38,WnxWrvuX5O,Ben Medhurst,Taiwan,4.437361526768655,6.381139237899333,
1,34,AOFBCSb7SI,Inez Smitham,Anguilla,1.3841572050005198,5.328010762576014,
6,85,Ly1gOjhNMM,Brendan Quigley,Azerbaijan,7.737059411,2.1296364716254175,
5,90,cfUatLDUcB,Regina White,Malta,5.965062353760004,5.311041863,
9,79,tk78VbXyBO,Ryan Maggio,Christmas Island,8.719003702979535,10.414134463761002,
8,39,i6qvBkSePz,Gerard Wisozk,Turks and Caicos Islands,0.6396205392666161,7.393968156073242,
3,60,P4lsoX5wC2,Lloyd Thompson,Guatemala,2.1547588515095413,7.2530842730775476,
1,33,qCVI4XDjEj,Bernadette McLaughlin,Luxembourg,7.34252925,1.2494918094016612,
8,11,kEcso1VEaK,Carl MacGyver,Tuvalu,2.5661577698774636,9.614288249984384,
3,42,qotLS2paqm,Dominic Kris,Iraq,8.632473707664758,4.271845840383321,
9,1,xXh2RxeHL7,Karen Ratke,Guinea,0.8821595129556954,9.023121168836951,
8,34,T36uD73T9j,Heidi Gleichner,Belarus,8.137731819413602,1.9488422614522278,
1,87,CIGDkHszG2,Jeannie D'Amore Sr.,Switzerland,10.123030424118042,6.691760073415935,
7,44,44RCPr53iG,Darren Predovic,Isle of Man,3.0401085196062922,6.653409893158823,
5,79,FVaHOQxbsX,Antoinette Hackett,British Indian Ocean Territory (Chagos Archipelago),6.921114869881421,8.880325902,
3,50,vkWB9Q9HOV,Shari Hirthe,Burkina Faso,3.861903049517423,9.208273745141923,
2,72,goayWR6zbW,Virginia Romaguera,Central African Republic,9.321817082352936,9.711896026972681,
5,89,YjiJ5R0VQk,Jordan Connelly,Iran,7.618797893635929,6.578009058255702,
6,54,00PeMcI1VK,Debbie Wisozk,Spain,1.8369802851229906,4.454688908997923,
3,73,kuJZAsXuh1,Darnell Torphy,Zambia,7.106356201227754,8.602570939809084,
8,88,2Q7tyzjb2z,Alexandra Wolff,Lesotho,8.365136521868408,5.923288596794009,
9,1,Nvk9ndTxPs,Wilbert Bogan,Bermuda,6.913078736513853,8.153864801395684,
2,82,BTz9YmYrne,Chelsea Legros,Northern Mariana Islands,7.207378877326846,5.997325519099832,
1,20,9zjQUBJAxI,Paul Langosh,Norway,4.1496251611970365,4.655663293786347,
7,55,cp8o8UKh0Y,Clayton Hudson Sr.,Guyana,2.0225065918639302,10.219701411668211,
4,54,xdbCd2BHnb,Roman Hane,Turkmenistan,3.7114100665785372,7.094914149027318,
6,53,MPdbmr68tc,Mr. Roger Brakus,Bolivia,5.232912036124617,3.3504184121266007,
1,62,gCUACZvmsD,Miss Hattie Botsford,Taiwan,9.584788162726909,2.0173930348828435,
2,42,2SczOSPSxs,Emilio Rice,Liberia,3.6271039927378297,5.977599662262946,
8,95,DEGBVZF6tA,Lorene Donnelly,Costa Rica,7.1868149,4.702537429518998,
2,84,P80ETlGrnE,Ms. Traci Christiansen,Uzbekistan,6.4514152142219245,1.5998930665664375,
9,62,EF6h74D8i7,Lee Rolfson,Bhutan,10.071996459271759,2.955316905397922,
3,38,QhRE5rAJfQ,Marshall Stoltenberg,Isle of Man,8.987437730655074,3.8344521815888584,
5,57,dlXtiHauqv,Dr. Cary Ledner,Christmas Island,4.342474790289998,2.134114314801991,
9,95,UqvqwAcOo2,Juana Gusikowski,Venezuela,1.2586732134222984,6.434447234030813,
2,79,Vn3LRr9zQD,Dorothy Carter,Comoros,6.796191567089409,4.926593727,
3,8,cDrcNFmjGs,Kellie Deckow DVM,Burundi,6.314777119085193,1.726902015,
5,34,TiLXzzHFor,Alexandra Hegmann,Uzbekistan,9.206804399844259,5.563626896589994,
2,49,g7P5bWSkRg,Isabel Raynor,Malaysia,7.8402936942875385,3.2939975121989846,
5,21,1JCi5GgwT3,Ignacio Gorczany III,Reunion,5.145252074114978,6.3352314960211515,
6,28,1iRKebWtFc,Theresa Hettinger,Western Sahara,3.771127629559487,7.467544239014387,
2,79,CPoh1Yla9Z,Alvin McCullough,Botswana,9.774356475,3.5873149703256786,
1,7,dpEaDxPemf,Carolyn Schowalter,Turkey,3.162431977223605,1.3608303894288838,
9,18,FDPl3fCavp,Jackie Schiller,Lebanon,5.096583154052496,3.5280210683122277,
3,67,jIrHt8JO37,Gerald Conroy,Macao,8.350739690475166,10.16567148687318,
4,7,31BL6mKf7l,Marco Hyatt,Guam,7.539737745653838,8.952628185041249,
6,69,51f2JVQWyf,Jim Douglas,Libyan Arab Jamahiriya,9.06167929,3.538800044450909,
5,68,BcmQbM4fuA,Dr. Marcus Conn,Zimbabwe,5.120157470926642,9.91910123,
1,53,IG0sqJoVpK,Arturo Howe,New Caledonia,4.350294945,8.780938845127821,
2,20,RC3a3OEIeL,Andres Shanahan,China,10.18552635,1.6131741874851286,
9,48,TWJS9DiRBG,Kara Wuckert,Tuvalu,3.9673261805437505,8.464155294466764,
7,64,F5qy9x1R4G,Lucille Rosenbaum,Austria,5.7088018879294395,7.279631855897605,
7,77,0xgBT32TBc,Alfred Wunsch,Mayotte,9.309534958563745,4.696933947969228,
8,98,AQaSaz1pan,Dean Bechtelar,Nigeria,7.0270740538835526,8.597905191,
8,69,TfQTFocxlE,Pat Herzog,Belarus,3.5927760410122573,3.28674413,
4,45,BN6evTcIe1,Dominick Hand,Somalia,1.9346637879498303,4.027890748810023,
1,90,iaes5jdpwd,Kelley Jaskolski,Haiti,4.895157303661108,6.157955158967525,
2,100,b20ElkSOiC,Ramon Strosin,Hong Kong,9.031438152,0.9625731334090233,
4,49,IqylOEgfGY,Lorraine Veum Sr.,Germany,7.866028248798102,6.000256945379078,
3,68,4ZvCn1hwLV,Emilio McLaughlin Sr.,Bosnia and Herzegovina,3.1481269719079137,4.084593229461461,
1,83,gzVqYXEXi9,Mrs. Regina Casper,Palau,5.166697357,8.050992213655263,
5,22,RWgeBT26vC,Grant Nicolas,New Caledonia,10.437292200047523,9.665255390107632,
8,54,2dNtUmYmC5,Mr. Bobby Torp,Saint Kitts and Nevis,8.918968876358122,4.493002134375274,
1,51,VQ69K96MJa,Allan Kling,Bhutan,9.949713346548378,1.6519614164717495,
5,22,EjQAVUqBeH,Earnest Schmitt IV,Serbia,6.664690549485385,8.000720988027751,
9,94,2r6elAoL62,Gerard Skiles,Marshall Islands,7.808583732228726,3.783898872323334,
6,52,YgFP96EAKT,Randal Schiller,Ireland,3.044039674,5.103048989083618,
7,36,hikaie6TOh,Mildred King,Eritrea,7.949906524270773,8.682171359658241,
6,22,0m31I8CuCO,Brittany Gottlieb,Denmark,7.862041391897947,1.6539721861481667,
4,89,xtLNYjT8QK,Ms. Sara Yost,Zimbabwe,9.264600672293454,3.9413342480547726,
9,26,RO86WWkHOz,Juan D'Amore,Burkina Faso,9.985526844,8.108541818335652,
5,33,NYSCg0roEf,Sidney Kuphal V,Eswatini,5.413273223210126,8.929426541551948,
4,54,5ab8GB8Tmy,Tyler Schimmel,Afghanistan,7.044692050665617,1.4472873783670366,
4,73,N9Oh6iKOtW,Candace Kuhn,Cameroon,9.83078482,7.1932571260258555,
6,71,tbTsq8V2Bs,Brian Lang,Western Sahara,3.6568962219171226,6.503032478038222,
8,53,D0Z3Fr70zV,Jodi Schmitt-Strosin,Suriname,8.466435808,3.445998639333993,
4,76,350aGN1Dux,Tammy Morar,Saint Martin,5.308523259,8.972320483997464,
8,12,4D0sdeXEXQ,Guillermo Hoppe IV,Panama,6.854277802165598,2.405721731018275,
8,25,MWOS6cMj7d,Paul Larkin,Virgin Islands, U.S.,4.098411704879254,3.364595358259976
1,15,UlhB2nqMHu,Mona Monahan,Vietnam,1.5974826524034142,5.141773053444922,
8,5,KduLd6WPqH,Alton Vandervort,Malta,7.528654792811722,2.038313734345138,
3,17,QcVXWmX1BQ,Evelyn Bogan PhD,Czechia,0.7573799225501716,3.976145549211651,
1,64,qMkkvuoViP,Ian Schuppe,Kiribati,9.552647771313787,2.2593171377666295,
9,100,z7dFffku7u,Edward Parisian,Mongolia,7.156031091697514,2.8444618517532945,
8,41,N7ahCnTzZD,Clarence Dietrich,North Macedonia,2.906827958766371,5.2881125239655375,
4,25,o6PychwO8c,Derrick Rau,Guadeloupe,8.579276473727077,2.5212652976624668,
4,54,CNBkrZPkQg,Nathan Langosh MD,Oman,2.825899035204202,8.506532372,
9,66,vZl1usozZ3,Julius Terry,Slovakia,6.407315434888005,2.5628901524469256,
7,72,xUtZVMAYBb,Bernard Friesen,Hong Kong,2.141809355933219,8.089232227765024,
4,90,AHpjTRLBn1,Gene Ondricka,Gambia,0.5295641692355275,7.523343266919255,
3,42,SXfO9wMncf,Domingo Corkery,Eritrea,5.996507761999965,4.969736686442047,
4,57,Y8GP1YCPYn,Julian Satterfield,British Indian Ocean Territory (Chagos Archipelago),1.8147925306111574,2.117258429,
7,72,CsFzWNf7Wo,Eloise Rosenbaum,Taiwan,8.695466704200953,7.84029189,
9,64,tNPWAOhjCl,Mr. Gregg Hansen,Botswana,3.7905951468273997,5.935940825846046,
1,35,1tFO47b3vF,Dr. Cory O'Kon,Switzerland,5.360786318,4.407723135780543,
3,41,P53Cf1yeq9,Sheila Cronin I,Libyan Arab Jamahiriya,6.956588853616267,9.847716181073338,
5,4,X34tdIvVaO,Kyle Stokes,Indonesia,9.815968644805253,8.233907455112785,
4,4,ijE3SpW0PD,Kara Huels,Moldova,4.085953735746443,8.724179192911834,
3,63,bjwSdxVvBr,Chelsea Nitzsche,Cocos (Keeling) Islands,7.839399957563728,6.307998976670206,
8,66,TTU7McVvFE,Lorena Rice,Sao Tome and Principe,4.5481490711681545,4.2285374058410525,
9,77,a8WHjVg2ci,Bob Runte,Cook Islands,2.094839144963771,3.6777477730065584,
5,73,LcN6tBmTM1,Marion Prosacco,Eritrea,7.800729921553284,9.747825895436108,
3,44,frrIQPnKxf,Alexander Baumbach,Slovakia,7.110400655772537,8.934453718364239,
3,3,i3PgNfEfar,Ignacio Rempel,Faroe Islands,0.7263068431057036,4.109384146984667,
7,55,ogdo4IvHuI,Laurence Hauck,Namibia,3.6713717244565487,3.9086538874544203,
7,14,b2sUcGv1Ya,Monique Lebsack,Tajikistan,4.325554037466645,7.039695418905467,
3,99,kaKUw03RBD,Adrienne Hoppe,Ecuador,3.7958448701538146,7.733989208,
8,6,0j7YzzlV31,Eva Ryan IV,South Sudan,6.542731245979667,6.6101237940602005,
2,83,QyPf2wT1yD,Miguel Schneider-Monahan II,Bahrain,0.8576918179169297,8.413583356,
2,97,iQV3PakHBm,Ms. Pamela Roberts,Virgin Islands, U.S.,9.739927395246923,6.003947196993977
9,46,RJnIRb1zKP,Hilda Dibbert,Costa Rica,4.452669987920672,3.7813801732845604,
7,14,Ucbax5PXBq,Nadine Koss,Lesotho,5.268286645412445,7.568586472887546,
4,64,pFMDQrLiVB,Lauren Ortiz,Chile,3.228416072204709,2.6266194921918213,
2,28,jEDFE7B4wM,Dr. Domingo Franecki,United Arab Emirates,9.297649827320129,5.300030710175633,
7,85,PBndLV5u04,Claudia Altenwerth,Kiribati,6.554110340774059,6.209238417912275,
2,9,zqbHc7OOF0,Gerardo Ziemann,Turks and Caicos Islands,8.963570296298712,8.171537012793124,
6,87,z0KCKZsbzO,Kelly Howell,Germany,10.01716924784705,9.073945958632976,
2,70,NAsswoutKR,Josephine Daugherty,Afghanistan,1.9911794988438487,2.8395707248710096,
4,5,71ASbqaLlF,Al Dietrich PhD,Norfolk Island,0.6208703988231719,5.286575410980731,
9,60,Hur7mMi2IC,Myra Kiehn,Venezuela,3.4889024468138814,4.679143980145454,
5,4,Je7GieYpMJ,Saul Rodriguez,Djibouti,1.6922591552138329,7.4193208939395845,
5,98,vWNoqk53G6,Jesse Kilback,French Guiana,4.749854299705476,8.538921458646655,
3,63,XZNuwqUnky,Brandon Lubowitz,Gabon,1.0260405293665826,8.544005108531564,
2,36,xGRnVE6mIX,Paul Wehner,Cook Islands,8.772956609725952,2.4929752219468355,
9,39,gDKU0yRf2y,Dawn Kiehn,Heard Island and McDonald Islands,8.750720727,1.334758053533733,
8,19,GG4wB8APNn,Dr. Stacy Johns Jr.,Saint Pierre and Miquelon,10.37431020475924,6.8227186794392765,
6,23,QmfhWr7vHH,Johanna Lesch,Andorra,6.659570240415633,8.089945988729596,
2,11,f9wfYgHhzP,Otis Dickinson,Moldova,7.272975374478847,1.2800631318241358,
6,19,pEXY8oZNOX,Joel Abshire,Gambia,1.975209214258939,10.080450218636543,
5,41,gXpoPNFTPv,Vincent Strosin,Yemen,8.194857218302786,7.236025887075812,
9,37,KAggI2f4Vp,Anita West IV,British Indian Ocean Territory (Chagos Archipelago),10.496104091405869,6.677080906927586,
9,96,qVdi72JSBP,Howard Glover,Latvia,4.131738885305822,7.633710389025509,
5,6,7dZ8SMJPCB,Karen Durgan,Austria,7.187500656116754,4.006135744974017,
7,63,fmc1SODD0F,Chris Anderson,Haiti,9.694292980246246,2.1948078433051705,
6,72,RjbANb6fPI,Terri Pacocha,Bahrain,1.9409901155158877,6.008709056302905,
1,44,EyT67iebHg,Mable Kozey Jr.,Aland Islands,4.437119257170707,10.22010439960286,
3,92,60l9r7eEF9,Garrett Price,Cote d'Ivoire,1.6533381370827556,7.1563317738473415,
9,69,kW6NLfbU46,Ms. Christina Morissette,Bouvet Island,5.035560109652579,2.011294301599264,
9,52,kQTXLTCe8M,Tricia Osinski,Afghanistan,5.7424722677096725,9.885762778110802,
5,29,L20NusMAd4,Ann Kuhic V,Poland,4.078564499039203,9.378507702611387,
7,86,7izhuuXJaz,Brittany Reynolds,Cuba,0.7847163425758481,3.1510330685414374,
3,62,lBGnQqNXWt,Marian Dietrich,Seychelles,0.8772286209277809,7.8772172117605805,
6,52,YhAAoYfLjd,Caleb Grady,Samoa,8.979903666302562,8.557185511570424,
7,38,eil1uQdX7s,Terry Schiller-Wiza,Bulgaria,1.384017632342875,7.930569503922015,
1,70,UtQpWAjhdu,Mr. Rodolfo Kozey,Dominican Republic,1.7182407919317484,4.156498061027378,
8,94,P7EzrN0l8R,Spencer Macejkovic,Cayman Islands,4.459704798,7.037428251467645,
2,38,xaUqutJNf6,Susan Ernser,Guyana,4.903372167143971,10.152512592729181,
9,13,4Up575fsqv,Ms. Maxine Treutel,Trinidad and Tobago,8.837702322751284,3.8371389121748507,
8,57,r8fO6OEo8N,Kristie Sanford,Yemen,6.428358822129667,10.350343882571906,
9,25,47FasCwDDT,Santos Goyette,Guatemala,7.273628904484212,1.4903650800697505,
1,74,M0g5r1PC83,Julie Waters,Guam,5.809777699876577,4.174063957296312,
3,69,JMTELHw57v,Santos Towne,Wallis and Futuna,0.6530868606641889,1.7079565948806703,
1,71,NPW5mDg3aL,Maria Hand DDS,Barbados,10.446757135912776,10.052122121676803,
7,26,XUijYbFYgp,Dan Botsford MD,New Caledonia,2.380688511300832,6.738768392,
1,81,HKgMksbdAX,Thelma Auer,Malawi,5.934009889140725,9.899916615802795,
8,60,TeD4fWGNd6,Suzanne Konopelski,Chad,4.763855519238859,4.829286962747574,
2,85,atDuhWUUhz,Debra Walsh PhD,Liechtenstein,8.287967273034155,10.167210364714265,
9,89,l7lm9m7YCf,Jessie Marvin,South Africa,6.716163104400039,7.322773909661919,
2,62,1qCncnHlQP,Angela Bogan,Antarctica,8.239053261466324,6.8402964058332145,
9,3,6lBLGncTla,Mr. Lowell Prosacco,Canada,1.0750510329380631,8.073847561143339,
6,2,d5repJ3nI7,Bernice O'Connell,Slovakia,0.845193874,10.49133562669158,
5,67,n0vQjQA3C4,Elbert Hirthe,Armenia,2.6547089819796383,9.380022754892707,
2,58,00gZVBTDXR,Mario Hilpert,Saint Helena,0.9862421681173146,8.133614914957434,
1,34,ovX7Yh3jde,Sadie King,Burkina Faso,1.1896423920989037,2.2468972015194595,
9,63,UTExT7Xwr4,Angela Wuckert,Lebanon,7.914571959525347,3.2286769542843103,
9,10,3EQQmsfFn1,Angelina Block,Holy See (Vatican City State),3.9430587477982044,5.713335203006864,
6,41,XSUG1l3cuX,Kara Schuster,Angola,9.987215767148882,2.5414411858655512,
3,94,GC5PqZHwG7,Joann Stroman,Uganda,7.663957874290645,1.6670213635079563,
1,100,uOEtXXHKyV,Patrick Braun-Carter,Bahamas,2.833951462060213,5.612368015106767,
1,6,gpsID54LeP,Georgia Feest,Faroe Islands,10.19425926,5.293990214820951,
2,51,0jW6VMRSSK,Ms. Tami Ortiz PhD,Cote d'Ivoire,6.616902765352279,10.061436083167791,
8,32,3RsC2u9tFk,Ms. Elizabeth Marvin,United States Minor Outlying Islands,5.054962266702205,9.342628095299006,
9,60,9bAjf6NI32,Miss Karen Conroy Jr.,Burundi,3.6146219349466264,8.915740262717009,
2,89,1HMPBnQk60,April Boyle,Spain,1.4974583610892296,6.764084964059293,
6,63,8BqSNA2vAo,Lydia Jones PhD,British Indian Ocean Territory (Chagos Archipelago),7.2389726848341525,7.636734172236174,
5,23,3Kj4EZjfIt,Conrad Gorczany,Grenada,9.342927494551986,6.753469355870038,
1,56,puKk34Keiz,Barbara Howell,San Marino,0.8434982150793076,9.245772454421967,
6,76,GkcMOiCJo4,Frances Ondricka III,Mexico,4.776414830237627,8.397532598581165,
5,66,6g1w5SKY7l,Shawna Renner,Malta,0.8253228310495615,9.388928808737546,
1,5,SFO6QNIARI,Vanessa Hermiston PhD,Azerbaijan,8.647237829398364,6.011302191298455,
3,35,voBChh6zps,Anita Hamill,Bermuda,1.7245812453329563,5.668427748139948,
2,45,5aCqfwm6vs,Derek Kreiger,San Marino,4.364364726468921,5.996790045872331,
7,95,6UbZR8vHkg,Mr. Alonzo Quigley,Netherlands,5.917151532601565,2.1513664554804564,
9,43,ea1H6Kcftt,Harriet Mertz,Algeria,2.5142539008520544,6.360445997677743,
2,82,oUWszw8nXn,Wesley Bosco-Kassulke,Uruguay,10.196759267244488,9.344420667737722,
1,8,dsRm99yDK9,Dr. Connie Swaniawski,Barbados,1.7038677977398038,3.581692795,
3,86,BDFTln5g6V,Ernestine Labadie I,Romania,1.0154062202200294,5.739928483497351,
3,52,UyTs58eOKH,Ted Parker,Slovakia,1.1359225371852517,1.3866315940394998,
3,1,VMIJIhxwo7,Rodolfo Upton,Aruba,5.312473736237735,5.541821512859315,
2,2,To5Hz2oJHI,Bernadette Hagenes-Cruickshank,Antarctica,3.1075445651076734,1.2239714520983398,
3,16,H8GhYlkbRp,Jeffrey Bernhard,Brazil,1.2018834119662642,10.474920668173581,
2,20,J4Hy2IPiJB,Henry Armstrong II,Isle of Man,4.076995253097266,3.3119213809259236,
5,87,fagn22My07,Omar Hettinger,Iraq,1.384705854114145,9.588384208735079,
1,83,a8MMD6oe1a,Mrs. Denise Stamm Jr.,Guadeloupe,1.1680139154195786,1.5046832053922117,
3,70,ttsJNF3CNs,Margie Gerhold,Vanuatu,7.1739924205467105,8.375162679702044,
2,92,GMnF9XsMib,Loren Kozey,Zimbabwe,1.813894756603986,3.8306569093838334,
6,56,6J1b7IR4Yo,Kenneth Conn,Gibraltar,5.705021284054965,4.812751342076808,
7,75,E955is4nWq,Estelle Kris,Uganda,4.6900387685745955,2.9494191305711865,
1,20,OjkXZJmxUT,Dr. Ellen Sporer,Lithuania,5.241718824952841,4.349193220958114,
3,7,NT6AKMlfwS,Deborah Lemke,India,0.5236872280947864,7.152044011279941,
1,48,oSuxspKU7c,Mr. Jason Baumbach Sr.,Lithuania,2.8309173271991313,1.5920169693417847,
6,27,DKr0EdE27e,Kenneth Lemke,Tuvalu,1.2378161884844303,1.9136085147038102,
6,43,ubuRhRdL7L,Micheal Nicolas,Liechtenstein,7.724658972,8.424831847194582,
2,36,iWExL5u1OB,Sherri Leannon,Costa Rica,3.564600632060319,7.611340172123164,
5,48,sV0txePW3e,Jake Willms,Aland Islands,4.995734155643731,4.6119376895949244,
9,36,wUM9J7jqRi,Pamela Marquardt,Seychelles,3.820037224330008,6.744768915,
3,70,Df3TQAakW9,May Hartmann,Zambia,5.883904508780688,10.108883154578507,
7,60,GS19XnUZOu,Mrs. Violet Kris,Montenegro,8.585061425808817,7.8133927676826715,
8,52,DpJYA2ItQL,Kristie Kiehn Jr.,Norway,3.4106012056581676,3.342229651287198,
6,20,PIGhAfeb1f,Kevin Konopelski,San Marino,1.4622565563768148,1.7363287364132702,
7,29,dO00X3Clsa,Minnie Friesen,Eswatini,9.439991877414286,6.851217373739928,
7,36,nlz0TZMeQH,Kristy Glover,Benin,9.231345159,8.087721331510693,
2,4,XC7O4eNnOL,Gerard Emard,Montenegro,5.707562153227627,10.276202798821032,
2,32,Enrb9fAXHc,Mr. Mitchell Bernhard,Romania,1.311482782009989,2.0771442791447043,
5,34,FF11f00QMJ,Carmen Yundt,Dominica,7.980490815360099,6.723253284115344,
7,5,j3runRhMqy,Mrs. Eva Hansen,Zambia,2.5460082893259823,5.406506994739175,
9,25,nKLN0cDven,Vanessa Heidenreich,Falkland Islands (Malvinas),4.5448670368641615,2.083242225460708,
9,63,05uCJjcB8z,Geneva Mayert,Mali,2.8941840860061347,5.193382061086595,
5,20,4tN8aih97K,Joe King,Monaco,5.4436015472747386,5.3373914998956025,
4,89,r2V7Fl5sVz,Lauren Wisozk,Democratic People's Republic of Korea,9.364310677163303,3.4743343754671514,
3,31,0Uc3YjMEtT,Terrell Kozey,Ukraine,0.6296002743765712,10.09086132235825,
8,70,IyGguX6Wza,Belinda Pollich V,Niue,1.130056933,4.317601611372083,
3,26,AxvhF4t29L,Bennie Wuckert,Malta,1.3457749499939382,4.6216393816284835,
9,20,JdSJCoL6BJ,Courtney Wintheiser,Antarctica,7.929166219662875,4.468710342887789,
9,14,jGxOVBHcQv,Amber Homenick,Guatemala,9.227097304072231,3.2563432534225285,
3,22,ZshO3MUHmR,Rickey Dickinson II,China,5.090901422780007,3.529223163612187,
5,92,1VKjxwUWBi,Lamar Mueller,Spain,8.068866696674377,7.457923818845302,
7,8,9ullqprde5,Willard Wilderman,Fiji,5.6274804305285215,2.5041039842180908,
5,24,vpgMdtZarP,Bertha Hamill,Saint Martin,7.47163,9.208823125,
8,45,3S4NoV76cw,Felipe Kozey,Senegal,0.6731773721985519,2.5101806824095547,
5,3,M1mDN3NhcQ,Alfred Miller,Japan,7.185654628,7.843029074836522,
6,20,xr0Car5ZPr,Ruby Schumm,Iran,3.548865912,5.593986825086176,
5,83,XKc9Mysbqo,Darrell Pouros,Reunion,2.926292453892529,8.965536343865097,
7,25,xgE1jlh31P,Mrs. Rosa Yost,Philippines,4.047916226089001,4.848931352142245,
7,68,jBP6upMqrF,Mona Lehner,Ukraine,4.577322676312178,4.559677631594241,
1,42,YZlGfu5NEl,Kara Erdman,Luxembourg,9.479201188776642,2.3026234256103635,
3,55,uJOIIauJ92,Patricia Haag,Zambia,7.611262404359877,5.708188213873655,
2,19,cr0VABYUQD,Pauline Koepp MD,Togo,3.953999194316566,4.827218695543706,
6,71,9RaNL3EvSZ,Rosemarie Jast,Slovenia,9.300756186246872,7.933531966526061,
5,98,JaA2u76xBJ,Dr. Virginia Gulgowski,Greece,9.577602690085769,2.9101298628374934,
4,20,HCVDITDB4g,Joan Wuckert,Lithuania,6.766536808107048,5.498635801,
5,7,46lkzMGSY9,Rhonda Dach,Belize,4.832287013530731,3.938362036831677,
2,21,Qj0c6bPGOe,Scott White,Angola,5.396560132037848,7.146763766184449,
9,1,my6g0P5nSV,Megan Waters,Portugal,9.913919316139072,3.0933817075565457,
1,84,s4Fw8ZqpC5,Jim Boyle III,Myanmar,6.6332114529795945,6.612603475339711,
9,51,Ik4ldIvYc3,Melinda Zemlak,Vanuatu,7.693384054116905,4.7128564161248505,
3,50,odoBJXII5S,Anne Donnelly,Nepal,8.428614139091223,3.451118121854961,
1,56,ey4XB1hcaP,Rita Bailey-McDermott,Nicaragua,10.007194911129773,2.875815816,
6,30,F2CBrn9zCk,Van Waelchi,Chad,7.501845729537308,1.5382403549738228,
9,61,2GoYgMPUFM,Sylvia Jacobs,Gambia,7.787560832,2.1908599413000047,
7,56,T9M4PUn9h0,Shawn O'Connell PhD,Curacao,6.771697611082345,5.584399534389377,
7,21,mwa66niSZj,Dr. Freda Kub,Cayman Islands,9.234308411367238,3.878697216976434,
8,97,7aNlhPLa57,Mr. Garry Bahringer,Comoros,3.394340641796589,3.119099139701575,
8,41,OjnPfV7dLw,Lamar Wyman,Haiti,3.4555532755330205,1.6818131268955767,
5,83,Kac4gP0Kzq,Maxine Abernathy,Somalia,7.245616414118558,10.24849201971665,
3,41,XyHXCTsAvs,Earl Hansen,Nauru,6.122985581867397,10.063031289726496,
8,12,ZIuzzxHBxW,Mr. Amos Johnston,Taiwan,9.328124455176294,8.875618804711848,
1,11,mosgtw2I2c,Mrs. Julie Hegmann,Bolivia,7.8596832738257945,8.410859843250364,
2,12,VClRoT1BVQ,Clark Hilpert,Sint Maarten,5.404977474361658,6.7889566528610885,
7,61,IwXPXyotcj,Mattie Brakus,Costa Rica,1.348260368220508,2.6161210583522916,
4,46,FpxiQZRIMT,Miss Bernice Morar,Pakistan,3.6902462569996715,3.988766325172037,
9,84,AW3zBK0BKi,Joann Cormier,Falkland Islands (Malvinas),8.078269073273987,2.0675431909039617,
4,46,Aac46P2GSw,Lee Lemke,Mozambique,1.290962283499539,10.450652960687876,
4,53,SAkEjY96Gi,Michael Lesch,Kiribati,0.9631861299276352,6.849346411880106,
1,67,MYPvRP6Eqd,Irma Sawayn,Barbados,8.988349509425461,3.948223667219281,
4,81,7gGx8WNVdy,Becky Bayer,Liechtenstein,0.7784822438843548,1.0677978252060711,
3,67,pXnqGZeebT,Madeline Hayes,Latvia,6.762675403,0.8447185293771327,
3,11,SwUU9kVNpQ,Elijah Zulauf II,Italy,2.7450834326446056,5.865840892773122,
7,80,SqYKlrO2VP,Delbert Wiza,Kiribati,3.4113031551241875,1.7624609330669045,
6,67,IkUFoDt6Ik,Sheri Sanford,Estonia,2.4018253567628562,0.8957926295697689,
4,59,1u5Vl963Zl,Dr. Francis Boyer IV,Malaysia,7.577538212761283,5.379517897497863,
8,37,QRJ6eX3hVo,Della Schultz-Windler,Monaco,4.2229660782031715,9.185388416051865,
7,56,fj1r0hhuk4,Leticia Will,Nicaragua,7.673564478289336,1.191764373332262,
4,30,8oZY7pec2w,Mr. Bert Vandervort,Peru,6.938632532954216,1.5167182725854218,
5,67,6zj9fkN47r,Wendell Shanahan,Bouvet Island,2.8850937630049884,7.3568636709824204,
5,81,0zm5nDUOM8,Marvin Bauch,Hungary,6.921768481377512,8.913274062331766,
9,12,h73ksbACqc,Brittany Funk,Lithuania,9.467832392081618,6.674109908752143,
3,52,Ji740R5PWZ,Mr. Ernest Leannon-Kuhlman,Belize,6.543946400750428,8.364855938,
8,65,hV6XYGjReO,Patsy Buckridge,United States of America,3.364055261015892,6.535320018418133,
6,2,o0HBVtFIJS,Nathan Bartell,Iraq,8.603571927640587,5.964512112084776,
7,7,vPBMzYNC3f,Debra Abbott,Samoa,1.1798165407963097,3.590461508836597,
2,42,5ouv3Xyndn,Mr. Edwin Collier,Somalia,4.388288999442011,1.5868661757558584,
3,19,AIOB6BdUTG,Henrietta Howe,American Samoa,10.256054056342691,9.541920952,
4,97,K8N6Ps0LFE,Joshua Koepp,Philippines,7.811221696436405,9.746007071,
4,14,lgJeYLJ2Uy,Otis Reynolds,Japan,4.116821896284819,6.563551139086485,
6,59,qGJUG9yb2P,Clayton Altenwerth V,Somalia,4.596307586878538,7.465289311483502,
8,57,ZT6sFr96jG,Geoffrey Schultz,Finland,5.339286734350026,3.349290657322854,
9,30,5xk8eeuApm,Diana Goyette II,Anguilla,6.991695975419134,9.463082891423255,
5,70,wctv2pQJn9,Jason Zboncak,United States of America,5.765926448628306,10.214319505728781,
7,73,eRE4iHXmVK,Marguerite Ziemann,Faroe Islands,5.768220268189907,8.108177328947932,
9,36,stIlwTb3qq,Drew Wintheiser,Greenland,8.209673496428877,7.6932475082576275,
4,85,Fxn9W6DPvL,Abel Lebsack,Virgin Islands, U.S.,7.898593553807586,8.421115767676383
1,61,0SPFZr6eR7,Colleen Lang,Haiti,7.266020220238715,5.232374553568661,
1,6,mN1CY0sAjp,Mabel Bahringer IV,United Kingdom,4.824478523340076,5.958598406985402,
9,68,hcPvItItNM,Dr. Orville Grady,Saint Lucia,3.1172826602123678,4.859867924358696,
3,31,aqC5Ubm6wB,Cristina Kulas,Bosnia and Herzegovina,6.945571589283645,6.902881115209311,
6,45,vO60ptnnKA,Billy Nader,Saint Helena,2.7739383904263377,4.541878012940288,
9,92,YQWHwhyuZf,Emma Friesen,American Samoa,0.5484763295389712,4.349549593869597,
1,42,Mx0AiYx2vd,Bennie Dach,Somalia,9.951483618468046,4.379338025581092,
2,38,Tybt4OnRdI,Lila Herman,Bahrain,9.395848421379924,2.7292524366639555,
9,59,XPxhdUvwWO,Adrienne Raynor DVM,Syrian Arab Republic,8.073420410044491,8.412335286382586,
2,33,wo8yGXC5Dm,Max Waters,Sri Lanka,10.219050044659525,7.909293695818633,
2,62,KxNKmlG6en,Janie Miller-Lueilwitz,Lao People's Democratic Republic,5.685728301294148,2.2546900920569897,
3,38,A1Lqy1iBeg,Otis Mante-Cormier,Trinidad and Tobago,2.0201482293196023,6.731359294615686,
9,96,REKq3wwe3O,Brandi Pacocha,Tuvalu,9.442858527880162,9.164807046297938,
4,36,rB2n2Wujsg,Miss Johanna Stanton,Philippines,4.189150533173233,3.2811152045615017,
2,87,5zsCMHuyM4,Katherine Dickens Sr.,Iraq,8.417729949112982,0.9030107473954558,
5,59,rRenltFQlK,Mr. Hubert Botsford I,Georgia,2.741917709,9.531187198124826,
2,84,IG8eAmAI6b,Dr. Rickey Herzog MD,Mexico,7.113713130354881,10.35669621732086,
3,11,Kl9sl2yOt2,Mr. Don Shields PhD,Lebanon,9.831773917656392,3.3745815623551607,
3,100,luebgcFErG,Dr. Saul Emmerich,Mauritania,0.9796919226646423,3.019600831437856,
5,76,OXd6uGJMmp,Steven Batz,British Indian Ocean Territory (Chagos Archipelago),1.933100039,8.650081592611969,
4,99,s2NpBYhI9E,Shannon Halvorson,Latvia,10.477878076024354,6.041375314351171,
1,93,q6fW6ARgsT,Mr. Rufus Moore,Aland Islands,5.314944369718432,7.467028349172324,
4,38,VDdyY8bYXR,Damon Yundt,Ukraine,1.571996008977294,2.34654793,
9,14,Ayt3YzHSZm,Jessie Vandervort,Ethiopia,3.006056937854737,9.21821966,
7,7,hpkyZ02LLm,Violet Medhurst-Rosenbaum IV,Cook Islands,9.985644409433007,7.698758532758802,
1,88,IiYtiIBtjs,Sheryl Osinski,Belize,3.6694807880558074,10.231734229717404,
8,85,YrPHtMRsxu,Taylor Funk,Afghanistan,5.947587142698467,5.474559557,
8,36,oD5eDGm1dn,Aaron Mitchell,Spain,7.851083154790103,3.651075078640133,
7,68,q60KYqivLL,Travis Macejkovic,Bolivia,10.394176279194653,5.505747142713517,
5,22,LbFzz1Blih,Courtney Raynor III,Saint Kitts and Nevis,9.528219387400895,10.017839942127466,
9,20,T36LtkrZBF,Phil Sipes,Botswana,7.853622745722532,8.730765936896205,
8,36,jtaErSKu5S,Flora King,Cape Verde,3.0754125881940126,9.642304172273725,
8,84,ioQlVbcZuM,Frankie Mohr,Cote d'Ivoire,6.189772572368383,7.987841192632914,
1,20,PpszmA2c8c,Clifford Lemke III,Chile,6.320952085778117,1.719586341176182,
1,11,J4N7SYrTAB,Stacy Douglas V,Australia,3.8285856968723238,5.1725524752400815,
9,8,IixK6hHJdF,Dean Cole,Thailand,6.204025968443602,3.2616269257850945,
5,98,BJZjXoKuhu,Penny Jaskolski,Virgin Islands, British,5.450055538211018,5.970952210016549
3,61,klecDnRFlR,Nicole Crist,Singapore,0.6698192954063416,8.934369105380028,
3,93,XFTertjMLa,Lonnie Schultz,Sri Lanka,1.2446824992075562,6.017387749,
1,55,ZGEetw2ejt,Tyrone Mertz,Botswana,5.502271891571581,3.782721859868616,
9,81,wfx2h72QDW,Henry Herzog,Guernsey,1.2454421883448958,2.2271303827874362,
9,18,jnB91a6geE,Nancy Stoltenberg,Myanmar,5.1529383468441665,4.595843955874443,
1,56,RDaJedckqg,Ruby Trantow,Grenada,0.9340240801684558,8.330495638772845,
2,49,98q1mDmMnB,Johnnie Klocko,Kuwait,1.278863241430372,2.8434923496097326,
3,69,IFjsREg5tZ,Bobby Nienow,Antigua and Barbuda,4.211836896836758,4.942582332994789,
5,48,HudIeoDTDN,Florence Casper,Martinique,2.5187175180763006,7.614699410740286,
1,4,RzDe4U94eT,Josh Tremblay,Kuwait,3.9116097330115736,0.8664984530769289,
1,38,eU7n1R0M2Y,Beverly Ritchie,Luxembourg,5.674024112056941,8.437453563790768,
6,96,oKK0Hk3izX,Miss Misty Veum,Bhutan,0.8035917761735618,2.5662431162782013,
2,68,CKVfHbrqqa,Mr. Lawrence Nader,United Kingdom,3.142872219439596,2.0471969009377062,
1,29,3Tlbl30aRR,Ray Heathcote,French Guiana,9.199068736750633,6.427836154587567,
5,70,zXWM5KYPHO,Natasha Sanford,North Macedonia,1.6673472821712494,0.6847723964601755,
8,42,7wsT46zkUa,Ms. Michelle McKenzie,Lao People's Democratic Republic,9.26702721,5.383939037099481,
5,9,9nPD1foLFw,Mr. Jake Koepp,Vietnam,10.362285777926445,10.27669945685193,
9,22,DfBuhvPz5a,Glen Rosenbaum,Tonga,3.017518757,9.056936420500278,
4,16,ynOx9dxq6n,Evan Harris,Falkland Islands (Malvinas),7.029361159,5.102799618151039,
6,84,nNhcYJk9W0,Ada Welch,Armenia,1.8644676259718835,5.394001346547157,
8,84,w1MCoAQ0WB,Andres Considine,Norfolk Island,5.467519221827388,6.156692124903202,
6,54,uoPsHX7xRU,Michele Deckow,Chad,3.0777721172198653,7.8501993785612285,
3,61,5cWB9gpaGH,Zachary Upton,Spain,1.1495525781065226,2.8727898695506155,
2,32,fbRvCGu1Dq,Jeffery Borer,Djibouti,6.332415607292205,0.9781990544870496,
2,59,KEZg7WKsCg,Lynda Renner,Georgia,10.08947156,8.081941657699645,
4,9,laQIjSI8RL,Matt Bergstrom,Gabon,9.005320472177118,5.879339195787907,
1,14,5m3IiphSFm,Olivia Glover,Anguilla,8.099769299849868,3.047376938164234,
2,87,rNGCShvEFa,Don Waters,Antigua and Barbuda,1.0682338564656675,2.691136477,
5,9,77olhCMHlY,Sidney Ankunding,Tajikistan,3.649652057,8.034410483203828,
4,58,aPMBJW72W6,Gary Hagenes,New Caledonia,9.849900071974844,10.07244221586734,
2,55,TguIJhINMi,Diana Abernathy,South Georgia and the South Sandwich Islands,6.525057041551918,9.333404125180095,
1,77,0FU5XB4o2q,Cindy Ebert,Australia,2.2422939743846655,5.944868765771389,
5,70,LrHHiLTBTA,Jenna Gutkowski,Nauru,8.419465079903603,6.983361080754548,
4,30,p9pyP3cJIX,Bert Lang,Belarus,9.324513079598546,4.5879249619320035,
5,83,HI9m8kS64R,Lamar Becker,Iran,5.551889766473323,7.096940819,
8,32,TkqBuP9h89,Phyllis Williamson,Greenland,2.038046975620091,8.527877069544047,
9,92,wWcxF67VaA,Benny McClure,Gabon,1.369626342318952,7.746952329296619,
5,13,HiuiDlTkYv,Ms. Eleanor Fay,Indonesia,7.9634377378970385,6.710492530371994,
5,65,uHEDiEQTjR,William Quitzon,Pitcairn Islands,8.507128157187253,9.572943255,
9,10,Z1HjX3zdMV,Dr. Francis Friesen,Chile,6.595268779899925,0.5461049727164209,
5,9,XuF4mkhwsj,Chad Gusikowski,Senegal,0.5357579113915563,9.201589633710682,
9,54,86wHhGq3yg,Harry Toy,New Zealand,10.466783802956343,3.657602525316179,
7,13,JEr9jIPmwv,Jessie Gleichner II,Guadeloupe,6.063858288805932,10.19531181268394,
5,76,wmWKZ9S14Q,Dr. Brad Schmidt,Macao,10.069998825900257,6.3592080674134195,
5,27,iqAfc4wiJM,Miss Ebony Franecki,Algeria,9.306926459,3.5347445467486978,
7,77,bQdKlrff0w,Yvette Romaguera,Bermuda,5.494635833,7.9203292722813785,
9,54,33IODZyljW,Anthony O'Keefe,Uzbekistan,7.614707289729267,8.116116178687662,
3,76,rRlAsRpWlK,Jeremy Hettinger,Guinea-Bissau,2.1963115544058383,1.3263094862923026,
9,5,ChNXpzukKD,April O'Kon,Moldova,5.982940629590303,2.6455424604937434,
4,22,RPKryBrNZN,Rex Konopelski,Canada,3.0239110668189824,2.6240708115510643,
4,70,C9cEC4Y1aM,Juan Shanahan,Iraq,7.517797310836613,2.6834595617838204,
9,88,XIuZiElUip,Dr. Emanuel Pollich,Argentina,4.158353658393025,5.136390646919608,
4,81,AyDZLxd3JX,Mr. Warren Brekke,Honduras,4.389801067,2.899183486122638,
5,91,ZOAs9ZWbSZ,Stella Morissette,Cote d'Ivoire,3.1672439952380955,7.438356326427311,
4,77,XwsieYeLdJ,Edmund Collins,Christmas Island,4.384673721622676,10.210514831822366,
6,44,FK69Qu99W3,Ashley Dare,Tanzania,2.7599025419913232,3.2738679596222937,
9,55,s83kALrMP1,Garry Sauer,Germany,8.613516145385802,2.7112826420925558,
1,48,0Mc9TTZtSM,Sabrina Lindgren,Kazakhstan,4.491054834332317,1.6103731417097151,
3,16,kVjCvizvzo,Katrina Schamberger,Nicaragua,8.745341335,10.164654026273638,
1,4,ZGS9AAqL6a,Cora Treutel,Fiji,3.0481788557954133,7.333759881556034,
2,46,KjGQyLk2gR,Esther Streich-Larson,Montenegro,3.1741706486791372,1.7909344281069934,
8,68,nY0U33PSdG,Yvette Denesik,France,5.892541771288961,7.660854558460414,
9,26,LeYCDeFYoC,Dr. Jasmine Lind,Paraguay,9.611767283,6.218862037174404,
1,51,LqZnw8qytj,Ian Kautzer,Seychelles,9.935906629,8.611989868339151,
7,58,tg7Ubf0Ko8,Larry Ryan-Walter,Comoros,1.4095606952905655,6.388554675038904,
6,4,ccE6MqaRhY,Desiree Feeney,France,10.20274516614154,8.076934935059398,
4,29,k1mpXLSR67,Randall Collins,Romania,3.6667725066654384,9.854758271947503,
8,56,2r1D7mYe4e,Barry Waters,Myanmar,3.3300993680022657,1.8582694414071739,
3,77,kD7gbq145W,Susie Gleason,Kazakhstan,5.187004238367081,3.6358172302134335,
2,11,tW1CKzQE4y,Dexter Harris,Democratic Republic of the Congo,6.508817194961011,7.239508085884154,
2,66,wMOUyVBRFd,Dr. Garrett Jones,San Marino,2.830046775750816,4.823925571516156,
5,68,TTpTirrKmk,Cathy Robel,Guatemala,10.195524147246033,10.04629153,
9,75,tqDaQ62dYn,Clarence Veum,Cuba,6.6982492613606155,4.245414069853723,
7,17,r9fIkl7GCj,Lynette Hills,Nepal,6.190596746280789,8.082236195448786,
7,43,oiVFekJaif,Tamara Torphy,Ireland,7.584032716229558,3.8242427511140704,
7,28,9x51saMkQ4,Noah Miller-Treutel,Guam,7.978399123065174,6.414187412708998,
9,40,ertFWsfNqP,Samuel Oberbrunner,Papua New Guinea,1.8452660664916039,5.890327777713537,
5,46,yXAFD5I3cE,Lucy Auer,Kyrgyz Republic,7.236369924619794,1.9911721623502672,
4,80,6KptW9by5n,Christie Baumbach,Mongolia,9.746673156,9.363850802,
1,64,0YsMuTnHxu,Lauren Rutherford,South Sudan,3.2285539894364774,4.799628213047981,
8,77,sbziJ9hA47,Marty Kemmer,Cayman Islands,9.919442408252507,1.9618661464191973,
8,65,ODs7t8B0JV,Lisa Gutkowski,Switzerland,7.726884656120092,3.171604254283011,
8,46,RakkU5Pjmn,Nadine Feest,Iran,9.759474524,6.402513980399817,
3,22,XwC4Ct9iAX,Wilfred Kautzer,French Southern Territories,8.885441303253174,7.050513177644461,
2,51,dliylQQl24,Mr. Trevor Boehm,United Arab Emirates,9.195773121435195,8.944475415162742,
9,64,U1t3JpubJZ,Toni Daugherty-Sipes,Switzerland,4.314953265246004,10.140299926977605,
1,2,xvpjEjnXEx,Sadie Bradtke,Namibia,8.969235503580421,2.018666276242584,
3,87,tNsld06PW0,Antoinette Prohaska,Syrian Arab Republic,9.388895439449698,5.468722108751535,
7,56,8s77gIgqrX,Lola Gulgowski,Myanmar,1.976314131,5.631968469358981,
7,94,wVSZNrKODf,Lonnie Wuckert,Niger,6.961519482545555,1.6052400199696422,
5,31,j6kvku4oCP,Susan Bernier,Ecuador,7.820939609780908,0.7993691014125943,
2,99,wLLYq33zHy,Dr. Estelle Monahan,Mali,4.039696431253105,3.211919716093689,
7,17,p1aWFGBVOb,Gabriel Kuhlman,Somalia,8.023169252090156,3.1830128231085837,
7,68,rkQ0SpXtjY,Tabitha Langosh,French Guiana,4.986642943229526,7.252438028343022,
7,5,jiNgXUyY6p,Mrs. Julia West,Turkey,4.440610114950687,10.471285776700824,
7,55,5NqsYb6Wb7,Bobbie Quitzon,Tajikistan,4.824959635268897,7.994688741862774,
3,8,tT6IUOuFLn,Pete Christiansen,Japan,3.5199001892469823,8.675345645286143,
4,39,9OhjcfhRfF,Mrs. Lillian Ruecker,Macao,6.659865951631218,0.9489087639376521,
7,77,uizZqeIy1N,Ms. Erika Marquardt,Colombia,3.761757595464587,2.178715073503554,
2,54,oExPexkYz7,Miss Winifred Price,Sao Tome and Principe,4.951177728,3.6202900549396873,
6,12,2cgIiZtWaP,Lillie Osinski,Mali,8.35281386,2.315141262486577,
3,86,W8NFfR3faA,Erick Batz,Hong Kong,1.167788595892489,8.258301268331707,
5,92,riqZHzPFMK,Woodrow Cartwright,Mayotte,5.367591853253543,3.7087440439499915,
6,9,BM1OC0Lc4z,Corey Marquardt IV,Australia,4.311973521951586,4.703945784829557,
6,7,axx70WQshp,Melinda Schinner,Luxembourg,8.135174629,7.749809461645782,
9,29,MwZhrtHCbb,Kurt Dietrich-Denesik,Western Sahara,7.687798067461699,1.295498387888074,
7,43,hq5C6K9bDS,Robert Erdman,New Caledonia,0.5225491123273969,8.389175352174789,
7,55,jLqCRPn6oN,Beth Daugherty,Turkey,3.454565689433366,7.284223772119731,
6,79,KkYUd1nUnd,Patty Boyle,Saint Pierre and Miquelon,1.2551246718503535,4.586787817068398,
8,3,iBfbolb8eb,Malcolm Kiehn,Aruba,4.822085857857019,4.771755237132311,
2,54,IeP9KL6Ct1,Sandy Murazik,Sint Maarten,0.5826409878209233,6.774423103313893,
3,52,SjGZFe9A2A,Tyrone Sipes,Eritrea,9.303650606423616,1.3014597068540752,
8,80,aiSmNy2hXs,Mrs. Lynn McGlynn,Madagascar,10.148517398163676,2.331401258241385,
9,79,VHIt8S107q,Yvonne Hagenes,Mayotte,4.0309235798195004,2.0441335388459265,
4,60,kbIv9b4N5Y,Gwendolyn Miller,Thailand,0.7339336276054382,5.996922763995826,
5,72,7w5ehu7xVU,Natalie Davis,Bahamas,8.984232532791793,4.569596959743649,
7,79,CB8Mg4iP3p,Dennis Reilly,Anguilla,3.2741987258195877,2.3004977609962225,
8,52,a08b3kfNqR,Vincent Hane,Brunei Darussalam,0.5648754998110235,3.969870185945183,
1,31,JzK9xZjitG,Loretta Greenholt,French Polynesia,3.958349851425737,10.457589004188776,
3,71,FYMuhPegFr,Alma Shields-Doyle,Algeria,6.578303465619683,5.63352083,
5,89,FNYkXI19LE,Kathy Braun,Burundi,9.683766713831574,1.4739392576739192,
8,29,Ax5apTKcYa,Daniel Orn,Pakistan,9.164878336712718,8.56918096,
1,88,6RGu4XHhWg,Stephen Goodwin,Reunion,3.229004758875817,9.065804827958345,
9,3,U1dr2Uri0B,Ms. Debbie Barrows-Schimmel IV,Democratic Republic of the Congo,8.187423250172287,2.448215903248638,
5,36,zrRyoMxvpT,Mae Watsica,Italy,5.904980480670929,9.601792816072702,
1,40,PL0VmB39pX,Elvira Monahan,Solomon Islands,2.683027162682265,9.497422217,
6,18,pOXJkP8khC,Opal Gerlach,Yemen,9.620661981869489,8.323534545022994,
9,88,ewtZoaFkOT,Angie Orn,Virgin Islands, U.S.,2.401391970459372,5.758110668510199
9,66,3H3OK0KtgF,Marjorie Carroll,Kyrgyz Republic,8.310465595684946,5.747810832224786,
4,61,3Ix403C602,Joel Sporer,Azerbaijan,7.722231011837721,6.209604139,
6,18,15ZmiTeXYX,Dustin Haag,Bouvet Island,1.3572485181502998,1.2417207537218928,
1,97,0v7Yyt2oxl,Laurence Schuster MD,Virgin Islands, British,10.0896389,2.2402699822559953
9,88,tqRoxW1lSO,Claude Collier,Vanuatu,4.1248661717399955,2.6397728519514203,
1,29,OiCEkbGED6,Wilfred Rosenbaum,Northern Mariana Islands,6.389587069,4.500995750539005,
7,54,F9eb3B7i5x,Dr. Elbert Von,Spain,2.605661432724446,9.582448850385845,
7,86,rHh24gsPNL,Albert Balistreri,Norway,9.343148169107735,6.834551791660488,
3,44,P6jmNkx9HC,Dr. Cecil Dibbert IV,Marshall Islands,3.7523072976619005,6.383814767003059,
7,30,Ac559C8ZIs,Doug O'Hara,Belarus,10.480068982113153,8.647245205473155,
7,59,KA0uBlRuC1,Jeff Boyer,Bouvet Island,8.541327358223498,4.693294066935778,
7,84,aYL9EorgGs,Herbert Gerlach,Wallis and Futuna,8.898734729271382,6.800568692,
3,28,aLBXzetBqz,Carolyn Douglas-Bogisich I,Sweden,4.853585469070822,2.207169571891427,
1,79,39VeWsXhHJ,Mrs. Rosalie Howell,Hungary,8.042334187310189,1.3565452229231596,
5,26,31GXLxASbs,Mr. Theodore Wolff,Bhutan,5.2305588982999325,9.119490974,
5,63,MDm6mA7jqK,Patrick Kub,New Zealand,9.222981191240251,5.051171334460378,
2,65,XijNbIuMLe,Abel Boyle-Durgan,Liberia,7.450267411302775,2.0727738244459033,
4,92,KErgizMb67,Julio Mertz,Ethiopia,8.062290071509778,8.662409241776913,
1,54,bFOWNDNsCW,Beulah Heathcote,United Arab Emirates,5.64256299,10.133800899609923,
7,53,i1NfTn4hXQ,Barbara Kris,Senegal,7.657124513760209,7.721623617224395,
8,60,e8UfeFLPVd,Mario Larkin,Colombia,1.4985364857129753,8.367446141317487,
1,33,H2Q0nTLjvz,Stuart Mohr,Pakistan,2.113946077413857,1.1653972179628909,
5,46,nFatNsOHaA,Jan Fritsch,Seychelles,9.814534692,10.182777125854045,
4,85,j8i2zWU5rs,Marc Mayert,Qatar,0.5035015726462007,5.573362272232771,
9,28,Jkbtmn4Se9,Everett Wiegand,Lesotho,3.4935902543365955,2.9184974934905767,
3,33,gLfVihQYHC,Dr. Lonnie Goyette,Costa Rica,0.8086607996374369,7.480701955035329,
8,94,OuzEYz4uHz,Carol Torphy,Uzbekistan,2.3875390477478504,7.849715109,
8,26,jC4M2ZKU9q,Melissa Welch,New Caledonia,9.341248543467373,2.114079091,
9,56,qgtGcHGbz0,Celia McLaughlin,Dominica,4.928817674,2.555184427,
2,67,h3Zig0raOF,Keith Waters-Stracke PhD,Tuvalu,1.792548137716949,1.133018547669053,
6,45,k5kafprN5u,Emilio Keeling,Kenya,5.33108151,2.861702334601432,
6,28,djCIjyh49m,Wilbur Welch,Congo,9.453940158244222,1.0253802216611803,
4,47,wGnW36GBlo,Dr. Claudia Murphy I,Belarus,10.43599949637428,3.838256983552128,
5,54,8Ti1WwvyMz,Wanda Cummings DVM,Christmas Island,2.8100283299572766,8.071615078486502,
3,22,dHOxa6z8q5,Dr. Yvonne Beahan,Trinidad and Tobago,1.3747834688983858,2.423954035155475,
2,17,To935dH1YI,Mrs. Ebony Hintz,Iceland,6.331977277994156,1.2967130094766617,
7,92,4tynCOkCDI,Russell Braun Jr.,Lao People's Democratic Republic,0.9217771766707301,3.2399932546541095,
1,77,nGuSxCFJ4M,Joseph Grady,French Guiana,0.6588909653946757,8.556160486,
4,89,byGJ0meRjJ,Lydia Flatley,Tunisia,10.385450073052198,2.997004608158022,
6,58,bKx9fRaHtd,Edna Conn,El Salvador,9.710324077866971,3.5865487456321716,
9,31,94XnUSssbI,Tomas Schulist,Bahamas,2.8777560237795115,5.352094117086381,
7,98,QHXTlxBFnV,Warren McDermott,Aruba,0.8965043975040317,3.410167104564607,
7,8,mYOvpKFkDh,Alvin Mraz,Kiribati,4.224634379614145,1.9151513786055148,
3,47,MEgj0e2yta,Mr. Kelly Dietrich,Trinidad and Tobago,3.691883540712297,0.5121932453475893,
4,26,Esj181SCo0,Mr. Carl Bradtke-Walter,South Africa,4.786917443,3.9321924415417016,
4,84,407IFZJ6Lz,Darin West,Spain,4.699290608521551,4.595407463610172,
5,69,YCD3H80odv,Dominic Stroman,Namibia,4.035428028553724,5.326297443,
1,50,fTSGkyI0HE,Tanya Waelchi V,Slovenia,9.076877093873918,4.020732727,
6,86,CPyYQk7ZDd,Dixie Spencer,Cocos (Keeling) Islands,8.179013558663428,3.3295569610781968,
9,21,aMiimBE06v,Marjorie Lesch,Malta,3.0847878586500883,1.9506158069707453,
4,98,1JXFRPq30T,Sean Bayer V,Uruguay,7.616471300832927,6.728331665042788,
2,84,ySiMjSkLbm,Lynette Conroy,Jordan,5.189103374257684,5.493064873851836,
1,49,aI3PHBt0Ff,Willie McGlynn,Netherlands,2.1402549226768315,4.817028871737421,
6,64,Otl2AkL9ct,Marie Sanford-MacGyver,South Sudan,9.371112363412976,8.915764837991446,
9,85,72Qghqphhp,Rosa Harris,Bolivia,9.564524916466326,4.216960447,
6,21,RXl06nd4mF,Mr. Israel Rogahn,Greece,2.429637687280774,8.349442916922271,
2,14,I1Sao6q1pN,Hugo Cronin,North Macedonia,4.043949641752988,8.548768958542496,
9,8,ByFfdpXqzx,Felipe Bosco,Reunion,7.521688367240131,6.576301122,
8,2,hmA1Gvn70M,Laverne Hessel,Singapore,5.301208404824138,1.3725080150179565,
8,100,CX9oVFWckD,Dr. Stephen Dach,New Caledonia,8.935106003,3.4849675484001637,
2,49,tl9aFMSXTv,Jennifer Franey,Azerbaijan,9.684649779926986,9.230557565577328,
3,78,bbfeVsEbHg,Phyllis Kuvalis,Serbia,9.016070905607194,2.693816569633782,
1,35,ElsyrWbk0B,Oscar Pfeffer,Congo,3.7985898200422525,4.972616945859045,
9,81,vHDIqs37np,Beth Sawayn,Belize,6.170008815359324,10.202403827104717,
3,4,NUOJo9vhns,Simon Oberbrunner,Belgium,8.262205251,6.970631619449705,
4,9,9NdhBvkJk9,Lois Hessel,Jordan,5.927464060485363,3.818577983882278,
7,12,peTlLmLZTC,Moses Witting,Finland,7.509895979426801,3.642624399624765,
5,54,Mqnk3dfUIS,Pete Mayer,Bahamas,4.078609861433506,8.104844060260803,
6,6,vDGJgfDQZ8,Mattie Herman,Luxembourg,10.314275905955583,1.1100058322772384,
6,40,YTA7bQp9DY,Nadine Stiedemann,Congo,6.028081580996513,10.435809019953012,
1,34,sgWSgFzS03,Courtney Davis Jr.,Sri Lanka,7.880690530408174,4.741221815,
9,27,3CY52sI4et,Terrell Raynor,Saint Kitts and Nevis,1.0361728882417083,7.302006249781698,
4,92,JYzUY9rSDk,Pam Leffler,Turkmenistan,8.796267904806882,9.901990042533726,
2,89,cQTXB07dMq,April Schroeder,Bangladesh,1.3314481587149203,4.5220127906650305,
3,75,G821d2UdG1,Mr. Javier Kihn,Wallis and Futuna,6.439790059346706,4.507509944494814,
3,8,V9BNfvAiqx,Saul Ruecker,Dominica,5.231533513404429,4.783659548964351,
1,24,RoqYXE6ps5,Kerry Raynor,Burkina Faso,1.3262767153792083,10.373906206339598,
5,7,bTeLAf7UwX,Gilberto Kautzer DDS,Chile,2.9675880232825875,7.872871439438313,
3,77,rU4FOcRQMh,Agnes Volkman,Slovenia,4.246999385766685,10.163130366243422,
3,79,IoQvqfvhfP,Gerald Murray,Uruguay,9.562151843681931,6.197022394742817,
3,18,1xK1Kvpr2W,Peggy Kunde,Saint Barthelemy,9.662079759407789,7.406493050046265,
4,11,Z96TvfZrqk,Miss Jana Hills,Vietnam,2.925197516568005,7.380927251186222,
4,2,iDOy9vTe6s,Chad Abshire,Sweden,9.705662718,1.2078428007662296,
5,80,xYJGGPkZMZ,Jane Sanford,Israel,7.1161045781336725,9.084002880379558,
8,98,KifqpCVFiV,Rita Mraz,United Kingdom,2.0518517955206335,9.104924422688782,
6,22,xF0qaRmPKT,Miss Wanda Pouros Sr.,Dominica,3.0459936494007707,2.4916844950057566,
2,47,AYijunvdeN,Sylvia Thompson,Fiji,9.131145872641355,6.604452330619097,
3,45,b0o5mAulaD,Felicia Dibbert,Guyana,5.619017462711781,10.035627919249237,
1,57,8YAowFjst4,Jan Crist,Nigeria,2.043138399720192,8.725108476,
4,42,AssbfX4kBf,Clayton Nienow,New Zealand,5.778201915789396,4.359311223495752,
8,89,8dM6XEs67H,Miss Roberta Wisozk IV,French Southern Territories,4.2423439510166645,2.922892660833895,
7,72,rK6lMU2Fva,Ellen Stokes,Israel,8.297398027032614,8.496551829855889,
8,46,MD1P8FuUtv,Felix Nitzsche,Panama,3.7297103898599744,8.538646555505693,
3,71,fmQnsVrwm4,Roberto Spencer,Nepal,7.516647413838655,9.50181053,
8,65,EyOkNIZe2H,Ernest Predovic,Fiji,9.592029251623899,3.217193025164306,
4,81,lJVQYxub6A,Iris Wisozk,Niue,1.7808861467055976,8.622721833642572,
9,28,AUomxN8Fpt,Mr. Lawrence Nicolas,Rwanda,8.035279041621834,3.0782465375959873,
8,89,Jv4ewes3gw,Dr. Regina Mayert,Somalia,5.252485415,2.7603825270198286,
8,15,ByonqQVnMe,Tyler Anderson,Cote d'Ivoire,3.5062598129734397,9.742021737154573,
6,61,C5RUoHGTDQ,Michael Greenholt,El Salvador,4.568047420587391,3.361177946906537,
1,52,CsQ6LIFgNR,Matt Keeling,Denmark,6.8871307065710425,8.844374729786068,
5,78,iffYipLxrE,Moses Hilpert,Jamaica,1.5824695765040815,9.628453200682998,
6,50,wpIdWD1ZzP,Annie Satterfield,Georgia,3.2742807287722826,1.6229905276559293,
1,26,JGevdr6EBa,Pamela Hills,Philippines,4.702746814116836,5.008117702789605,
5,30,ipc4cPT2Yz,Ana Bechtelar DDS,Curacao,5.915026128757745,4.234197313897312,
2,98,WoCEQ35QYZ,Blanca Kozey,Cambodia,5.871518088504672,9.018388401716948,
6,8,aXYbbcH774,Jimmy Renner,Saint Martin,7.492852676194161,9.507643943,
6,82,GzWEgCRu9z,Warren Moore,Bangladesh,2.3445004452951252,2.3906807177700102,
4,44,TIweCSGlSC,Isabel Rutherford,Congo,5.033649126533419,9.819951150100678,
8,79,VBQLPpjESH,Tommie Weimann I,Timor-Leste,6.119927109219134,5.732355941552669,
9,46,zfxaZTuMUC,Eula Kemmer,Malawi,8.442066416144371,10.476656683720648,
6,45,ZYmG3zdNBO,Judith Upton-Paucek,Oman,10.273891053628176,2.258333030156791,
9,16,MazhXttWvF,Karen Stokes,Turks and Caicos Islands,3.501461145468056,7.803275209851563,
5,87,zchz58bhaW,Brandon Wintheiser,Antarctica,4.345944374334067,4.4451485220342875,
8,40,Rxz7Ilh4yg,Pamela Maggio,Virgin Islands, U.S.,10.179807119537145,8.499665358
4,66,wZB6kq8kS4,Roberto Walter,Bahrain,6.223620876669884,4.120160354766995,
3,32,Ekc7W60YJ1,Gina Bogisich,Comoros,8.551418191753328,2.571302861440927,
2,26,Aib52VqfKL,Antoinette Walter-Schimmel PhD,Saint Vincent and the Grenadines,1.5605463851243258,1.3750487980432808,
8,52,2mKzD8MnMN,Mrs. Mildred Christiansen,Japan,6.547973274253309,4.600051622372121,
4,66,b55gZfcyAo,Travis Olson,Palau,7.267012544441968,3.336974202655256,
1,4,WW6GuuxTfY,Wesley Hammes,Saint Lucia,4.484857578761876,1.3722604368813336,
9,85,Bcs01enIv3,Beverly Friesen,British Indian Ocean Territory (Chagos Archipelago),9.508672737982124,1.4669023472815752,
5,16,1J1mcOR62L,Nathaniel Mitchell,Vanuatu,4.044949828647077,5.710072249174118,
9,75,clOsWun1im,Jorge Gerlach,Serbia,7.157074946,2.807783062569797,
7,95,hFYXGvMrXR,Johanna Greenfelder MD,Aruba,7.206167098600417,7.157993227709085,
7,95,VGqH2S8P92,Priscilla Schowalter,Montenegro,2.121540985070169,2.2209651484154165,
9,64,9z6AkANdLt,Ryan Mueller,Heard Island and McDonald Islands,7.538358252029866,8.592319935094565,
6,98,jcdExAR7As,Jessie Feest II,Uzbekistan,1.0477759265340865,5.1632501925341785,
7,48,mwk9XXLnYQ,Dwight Cassin,Paraguay,2.4115780503489077,8.014568851329386,
8,8,YaD6kQ5Euh,Mr. Lance Barton,Falkland Islands (Malvinas),6.715866757556796,1.8812462845817208,
2,66,MRrD7eOoFJ,Adam Kautzer,Bulgaria,9.118109175004065,5.888172161765397,
6,86,Ck99V4uBXX,Anne Macejkovic,Libyan Arab Jamahiriya,8.693857101723552,8.088759616483003,
7,36,B2CzBbAeVG,Dana Deckow,Marshall Islands,3.768033522181213,7.459247165359557,
5,74,8VE0hqgYtN,Jon Nader,Mozambique,1.0123385204933584,7.782184758223593,
9,46,cSwjkp4HRH,Arthur Gutmann Sr.,Sierra Leone,10.13808429427445,3.6356640509329736,
1,64,B5aPqMAPWW,Rebecca Jacobs,Sudan,8.863842896651477,5.735937277320772,
4,28,ylSdZ6L1BH,Alma Kunde-Jakubowski,Bermuda,7.698540936224163,1.5608365759253502,
8,37,tvODYdCn3F,Leon Willms,Sri Lanka,7.899265600834042,10.197744632139802,
4,77,0gGlmHrSlW,Boyd Connelly DDS,Serbia,7.361503426916897,10.246702541597188,
9,99,nOjsefNcwO,Essie Bruen,Bolivia,1.0091289500705898,5.563074908684939,
3,98,tMY4QkQjVu,Whitney Bechtelar-Kovacek MD,Belize,0.8636012249626219,6.129638109821826,
5,80,R668v9R7R3,Dr. Mack Botsford,Kuwait,1.4719116892665625,0.8874908713623881,
4,97,Xcv3pDkqOm,Miss Gertrude Greenfelder,Eswatini,5.017165296711028,2.0362904244102538,
7,6,tUtfCxPXvr,Roberta Marvin,Maldives,9.540585705079138,2.664471799042076,
3,52,sPy1q9Q07q,Desiree Boyle,Holy See (Vatican City State),2.7819387540221214,8.791849571,
9,99,e5g0nGBtwN,Woodrow Jacobson,Falkland Islands (Malvinas),3.1199734397232533,9.409658652264625,
3,50,YlO8Ao0KKz,Mable Lehner,Virgin Islands, U.S.,10.470996950287372,1.1852936279028654
5,99,aoYOGek8Rp,Duane Langosh,Gambia,1.6328451498411596,7.541279261466116,
8,75,ZnM4UDVzBH,Miss Gladys Shields-Heller,Dominican Republic,2.8011563741602004,8.362848006,
2,32,Nl7XdtU5S5,Margaret Wintheiser,Bhutan,8.354504541028291,9.445368139538914,
3,34,YmReEySNV5,Calvin Carroll,Bangladesh,4.828115028329194,1.9733832073397934,
1,77,CNRcYP9SnY,Robin Schneider,Seychelles,3.568725022021681,10.214555968530476,
3,22,27sjnIL7nM,Trevor Rosenbaum,Mayotte,7.039846563246101,2.0686341491527855,
9,8,ieUFsbNsX9,Andres Bashirian,Sint Maarten,1.1999472039751709,1.1446397444233298,
8,8,05AB4ZEe1W,Jared Gerlach,Virgin Islands, U.S.,10.055006450973451,0.8501463145948946
3,21,BhaklRZ8PL,Bill Turner,Burkina Faso,10.370893079787493,9.208129632286727,
9,34,fOkfgM6LMo,Gene Pagac,Central African Republic,2.872892973944545,5.186687102075666,
3,77,q7oDdRjOEA,Mark Lueilwitz,Tokelau,10.172405456658453,5.178522276226431,
6,23,6P2ytoh1lH,Hector Hilll,North Macedonia,2.250725181773305,2.5886793336831033,
1,24,XnYDGsHlvE,Jan Waelchi,Sao Tome and Principe,9.293935966677964,7.457357823848724,
2,50,MlQ6lkBrPt,Adrienne Keeling,Belarus,4.670452787075192,6.878971820231527,
5,98,C8NhvARE9u,Amos Walter,Costa Rica,9.059028634335846,7.277229421,
3,74,iXmjCKEhcF,Brittany Dietrich,Central African Republic,4.494091157801449,7.302138735,
4,78,xC62TrzFky,Tracy Raynor,Norway,1.7580764782615006,6.005893945228308,
6,74,rG999jmD1p,Leslie Block,France,3.944560063071549,9.444076311,
5,99,KS6goXOi9e,Jeanne Mraz,Tanzania,8.595603110268712,2.443178006913513,
4,25,3ovAafiSmL,Beverly McCullough,Vanuatu,3.1908367429859936,4.2279437854886055,
4,27,xufeqRFSEi,Leonard Medhurst,Australia,6.1978799076750875,5.0074263657443225,
8,51,jIdwsuAHkZ,Bryan Koelpin III,Belgium,1.896848475560546,5.506005535833538,
5,55,7y5HAoMuvq,Jorge Larkin,Greece,9.372244635,4.772929958533496,
4,20,vP6uOAWCCl,Geneva Yost,Niue,5.480785583611578,9.18972904,
3,25,4Jkx3EEXeI,Sadie Beer IV,Albania,4.466742167249322,5.496585682965815,
4,12,aYODOB7xup,Mattie Schinner,Croatia,3.741740756202489,6.508525050710887,
9,73,6oBIRGxE4H,Hattie Jenkins,China,9.456829628441483,3.4269802919588983,
2,56,tFZI5d4slK,Ronald Kuhic,Burundi,1.938935725018382,1.2269464689306915,
2,52,mrFVMywlmz,Bobby Hamill,Botswana,9.135828557889909,3.496860968414694,
7,75,4c2f4aHKFs,Dave Fahey,Greenland,4.906416059937328,2.9520240537822247,
8,34,93OR4mzXoX,Leticia Friesen,Fiji,4.590833538211882,7.295620922930539,
2,78,hOdBxEnn4w,Angel Spinka II,Georgia,8.810948230791837,3.097220221,
2,12,FEVZ1jQpw0,Gail Schoen,Wallis and Futuna,9.257197279,6.947004328947514,
2,22,1OY8HBH7ge,Jodi Murphy,South Georgia and the South Sandwich Islands,3.796107305213809,1.3133830432780087,
6,41,ENOEDuH6Jb,Whitney Langworth,El Salvador,5.341012321412563,10.368329931050539,
9,39,LfdbXhRwZc,Dr. Jack Bechtelar,Guinea,6.9921065722592175,2.8945130803622305,
4,3,7scFWZxfqT,Tommie Barton,Sao Tome and Principe,4.977768337819725,5.1072970144450665,
4,18,h2ged6V4Ww,Pedro Emmerich,Tanzania,4.285181504208595,7.418173544108868,
6,50,q0AccHwTrq,Kristy Hilpert,Thailand,3.6444034003652632,4.597441618796438,
6,33,LRNBNocSn8,Jack Mertz,Sweden,5.870076037943363,4.8008472211658955,
8,83,fLWZCVuAy1,Tomas Miller,Democratic Republic of the Congo,4.777438120916486,2.4585989112965763,
6,29,nKO3drjSIf,Margarita Hudson,Malawi,3.979000166989863,9.955800100695342,
6,72,0mGzKYbe1I,Erin Klocko,Palestine,3.871261926367879,7.553841308224946,
2,90,chGWwwV9c7,Leonard Bode,Holy See (Vatican City State),8.565491339657456,8.753679804038256,
4,45,fynp1WhSnK,Whitney Parker II,Suriname,2.4916213490068913,4.912684419658035,
3,30,xrU5PCvBSr,Dr. Carol Homenick,Nicaragua,9.33073281,5.168541366700083,
5,25,nd8HZq2TCw,Clay Hettinger,Armenia,1.3095852634869516,7.8386992467567325,
3,25,wT5YQlxq8D,Alexander Thompson,Senegal,2.3250513286329806,0.6991491066291928,
8,83,41WbBAR2Ms,Mr. Todd Bergnaum,Saint Martin,3.962331318296492,9.845766347832978,
4,9,TGPfo31GWn,Sidney Howell,Fiji,9.140080750919878,4.84118164,
5,97,D7mx7grVsp,Kelly Lehner,Canada,7.5615351921878755,2.068029928021133,
9,74,kGvtidGg0K,Kim Kohler,Tanzania,3.0798715325072408,9.048253644257784,
3,18,T2eCjotgOT,Roman Tremblay-Schulist,Saint Barthelemy,9.712502564769238,8.285470264498144,
8,13,GFdR1hVs91,William Weimann,China,7.186506289988756,5.166781392879784,
6,16,FN9MQMzhzo,Luz Durgan,Curacao,8.614806562662125,6.517067439388484,
8,4,nLbDzDjDbQ,Saul Parisian,Austria,8.656921041663736,7.980015857,
2,75,rSmRbQlOXn,Miss Billie Bins,Portugal,7.608883865,0.7309565735049546,
2,35,OhwcPDw4nC,Joey Kirlin,Taiwan,2.0206627920269966,9.616138243116438,
7,57,Ako3wnDQSM,Samuel Fadel,Palestine,4.315568734426051,6.028075215406716,
7,37,lWec5aUko8,Randall Wilkinson,Guam,7.509067458566278,7.797274565789849,
2,30,gcCtWIWxru,Edward Larson,Jamaica,5.012983849272132,3.8356117736548185,
7,52,EJQk2jUrpq,Mr. Hugh Balistreri,Chad,9.447158658411354,5.394729673396796,
9,49,0WmiIB0vJw,Raquel Mertz,Guinea,8.772467511706054,3.1046487619169056,
6,72,d61uTSK5xj,Alma Mosciski,Samoa,9.764543885365129,1.0179067375138402,
1,55,3cGsdBO9me,Marshall Stanton,Democratic Republic of the Congo,3.4190894728526473,4.370307868346572,
7,86,7pXpbKbeiS,Ebony Doyle,Hungary,1.4792589559219778,7.766485304571688,
9,95,QYA3Rbdb3K,Toni Howe,Papua New Guinea,6.258888581767678,9.474181362427771,
8,34,IiDdSFSkZ1,Rosalie Lindgren,Saint Lucia,2.5021083299070597,0.568296546,
6,99,k9gStOKSoQ,Timmy Senger,Northern Mariana Islands,4.364667383022606,4.52020005,
1,22,W7t61qA3N6,Tanya Osinski,Saint Vincent and the Grenadines,6.273158499505371,4.497031091712415,
2,70,LDbAvyEkn8,Dana Anderson,Suriname,5.064916102681309,7.251145415473729,
8,76,7v6FPwf0Na,Erika Stroman II,Equatorial Guinea,2.8971926979720592,4.8148496258072555,
5,29,fupMuMsaXJ,Dexter Lang,Libyan Arab Jamahiriya,6.735847657,8.194404458161443,
2,76,9gGcOKPxnI,Amelia DuBuque,Canada,6.603944601491094,7.740254592616111,
5,96,o5NcmVQaTk,Debbie Weissnat,British Indian Ocean Territory (Chagos Archipelago),3.9989838814362884,7.961949526332319,
4,5,u8abGhXxqA,Saul Bosco,Nigeria,1.2337654079310596,9.933096903376281,
6,75,xxEPtKm9BI,Ralph Beer-Gibson,Equatorial Guinea,0.6819204306229949,2.172961632721126,
2,18,tENhoIK1O0,Patty Wyman,Malaysia,9.788337698671967,1.8157971389591694,
2,85,cwn0GevLZV,Roxanne Marks,Greece,2.426831391174346,6.531352861318737,
7,24,8Dwwf1a08Z,Eric Davis,Albania,4.310184297617525,9.852209039,
9,20,62TQ5dXoZX,Curtis Schultz,Latvia,8.075537772,2.331590828951448,
8,84,3FCJbyLFTo,Domingo Rodriguez,Virgin Islands, British,2.7599648497998714,6.065981601830572
3,32,GGQg4omHZv,Fernando Lockman II,Netherlands,7.1270152921788394,6.783412175253034,
2,22,LCj1DBLNXm,Bradley Abbott,Switzerland,4.541216766927391,5.956148674711585,
8,5,JnAUArKctL,Joann Aufderhar,Belize,7.296971185,2.975414043292403,
1,23,tVUEtNQObc,Ken Hintz,Netherlands,6.758198590949178,7.950040231924504,
7,28,drM7GEwL37,Shelia Mills,Guatemala,0.7646604576148093,4.471075809095055,
8,6,zV7MsiZY5M,Roger Hammes III,Reunion,1.8360776007175446,8.614070480223745,
5,76,uoSutlWWkG,Carrie Schaden,Dominica,7.416346983,10.295328346081078,
5,40,WZqeV7DhED,Andres Hackett,Guadeloupe,4.2274282169528306,3.6679788837209344,
1,21,xb8fH2oGsG,Gertrude Baumbach,Germany,8.0822978,5.097306053619832,
2,87,xcTWwlBexX,Paul Fadel,Republic of Korea,2.551944548729807,9.631297397,
1,54,7ilKed7vVR,Mrs. Krystal Swift,Martinique,1.3543471689336002,8.924802103545517,
7,26,Np0sRCCVGS,Miss Penny Stroman-Kuhn,Lao People's Democratic Republic,4.534707807004452,9.218623517,
9,46,PHqJOhxwk6,Harriet Emmerich,Gabon,8.92078265,9.364072875585407,
8,62,YCCB6ZNv76,Clifford Cassin DDS,Netherlands,8.003610090352595,1.9621107489801943,
3,90,6qtgsx8IVd,Miss Carmen Aufderhar,Costa Rica,5.364620522130281,8.796516903210431,
6,77,WaAT6JZyI5,Troy Sauer,Russian Federation,9.909231483004987,9.547082802280784,
3,12,pnlXUmMdzg,Margaret Tromp,Sint Maarten,2.8385788244195282,4.165783149190247,
8,62,19M6elDZrx,Yolanda Wisozk,Albania,1.5890806117095053,0.9252820950932801,
7,19,FYUMlHEOkn,Courtney Vandervort,Bosnia and Herzegovina,10.313570480328053,3.6587259215302765,
8,15,bTctXrpKgT,Tabitha Rau,Romania,9.231018675025553,5.402541178744286,
9,99,YyoewJ9GYt,Roberto O'Reilly,Germany,7.474671182688326,4.515772291459143,
6,57,d8LSaTbiaN,Whitney Crona,Botswana,6.5703535680659115,8.575005623977631,
6,90,96fto56bRq,Pauline Bauch,Congo,6.4868487739004195,2.196861998643726,
1,73,3JbVUfkQ1g,Erin Haley,Belgium,10.05895212246105,4.061870134435594,
7,23,BVvYYPrwZy,Sally Cole,Djibouti,8.874724472,4.293706900905818,
1,61,lhXzDGhwLc,Joann DuBuque,Saint Kitts and Nevis,1.6902002594433725,3.5889860121533275,
3,57,bG6sv8Hqcj,Joe Rolfson,Eswatini,5.204308263026178,1.9759708079509437,
8,98,03TTzmgVln,Jared Von,Guyana,8.358900323044509,0.8496709419414401,
7,32,WzP1wuu6pW,Jessie Hintz,Bahamas,1.0299457302317023,7.968192656524479,
5,13,ZfG9idSE2Q,Casey Fadel,Spain,3.4671005136333406,2.707955156918615,
8,10,iemB70s4At,Susie Lehner,Antigua and Barbuda,5.9259122256189585,1.802406273316592,
6,10,Tph1cfm8gO,Seth MacGyver,Madagascar,1.2432996621355414,8.627849188167602,
8,99,fsjY1aRusS,Louis Wiza II,Tonga,8.668879630975425,6.166553576011211,
2,28,sJcPuHIBHH,Kim Howell,Jamaica,10.248056037351489,2.6064825588837266,
8,33,qlq5Apvjzm,Harry Jenkins,El Salvador,1.9491796516813338,2.6875088498927653,
4,82,9Jfgtlndte,Juanita Schowalter,Brazil,4.829660371877253,9.808739961124957,
8,75,iEzD6tPavg,Sergio Grimes,Falkland Islands (Malvinas),6.490758552215993,0.9143770737573504,
6,10,mJxDl57I5p,Albert Kub,Tonga,6.439617066178471,0.6157601713202894,
3,54,vJ5mOZVUXE,Francis Macejkovic,Fiji,1.2847518916241825,5.149390943814069,
7,13,ytQDpFSjvK,Kathryn Sporer,Mauritius,7.377736586611718,0.8684718837030232,
9,18,M66QlBGfC1,Sheri Schuster,Antigua and Barbuda,5.215381134301424,5.211756994947791,
6,60,dDQiFnWQL1,Felix Marks,Zambia,4.488931544590741,5.860966140870005,
5,56,8lHjNbwsXl,Terence Block,Georgia,5.981174236629158,5.619805803988129,
6,5,GjhUPyVtsP,Ms. Kellie Kuhn,Bangladesh,7.505162821151316,1.2588742394000292,
5,59,LZ1XrPh690,Verna Goodwin,Paraguay,4.819032970815897,0.5079319206997752,
9,16,5sSK6SnBhp,Sherri Schamberger,Lesotho,0.5992079451680183,0.9649903252720833,
3,54,uGUZFYgnnq,Arturo Jacobson,Brunei Darussalam,10.200585068203509,1.344089377205819,
7,9,otlszdzuqU,Randal Boyer,Cameroon,1.0181665159761906,5.640720731578767,
2,22,WIX50dVjpV,Joan Kunze,Central African Republic,6.548246445134282,5.310224611,
7,5,SbcPLZY4ZK,Mr. Grady Swift DDS,Poland,2.5847950386814773,5.630421034991741,
2,48,YMVu6ulYwx,Carolyn Crist,Hong Kong,7.602242240216583,3.1270555006340146,
1,89,ANnEA63gtR,Dr. Marian MacGyver,Guyana,2.6693492867052555,4.065009972080588,
5,60,Ai8Upyasg9,Nina Brown,Egypt,4.431271564215422,8.499059886205941,
2,89,ymILRLBNWj,Charlie Paucek,Uganda,8.229097172,8.875589416828007,
7,98,w2skDMc02e,Taylor Bogisich,Cayman Islands,0.6433258270844817,9.271130146924406,
8,66,ejuyXwU4S8,Amanda Rempel III,Saint Lucia,10.22087009,1.6748571787029505,
3,31,jpyXUFMjk2,Celia Watsica,Malta,2.2725998163223267,2.5588246174156666,
3,31,sOjplIHGme,Kathleen Smith,New Zealand,7.959365040995181,1.6262261355295777,
6,40,FdXcuGzcRc,Regina Lesch,Malaysia,6.849590935278684,3.833257967606187,
6,61,1DCPjvu2nx,Brandy Heathcote,Mauritania,8.358449679333717,9.396790647413582,
4,18,IbHKAyIZxE,Tasha Olson,Nicaragua,3.6408186675980687,2.639236037619412,
8,87,GpgQjeYmQq,Miguel Swift MD,United Arab Emirates,0.7666193107143044,5.903742745984346,
7,77,btXgSoHmd1,Arthur Konopelski,Nauru,0.5415253918617964,9.065565401222557,
3,94,ShCt4Xiqz3,Ira Botsford,Namibia,7.561471589840949,10.411006193142384,
7,27,4jSejIS4PL,Janis Nienow,Indonesia,9.184813587460667,0.6324509968981147,
9,20,CSTvmzFeK9,Brad Hirthe,Guatemala,9.429716798011214,6.459214412141591,
3,24,Wl9aAaStOy,Gerard Quigley,Turkmenistan,2.9269256531260908,1.9086713804863393,
6,23,ofmzH5HAO8,Wilma Hane,Ireland,4.749031858053058,4.6614002152346075,
3,96,DTDF2yC0nD,Pamela Rolfson DVM,British Indian Ocean Territory (Chagos Archipelago),7.322667475789785,4.451955954544246,
5,75,y2gbBFUnwq,Mrs. Marsha Conn,Democratic People's Republic of Korea,3.120073708239943,8.472085042856634,
6,1,8Tq1keGJp0,Mrs. Brittany Schoen,Tanzania,0.8860076772980392,6.3243040344677866,
6,27,hoGPQTpGOy,Joan Hauck,Bhutan,8.957893596496433,4.950475797057152,
6,36,Lqj7JQhq1B,Susie O'Hara IV,Azerbaijan,9.149765537120402,7.303160482086241,
2,18,j5DmPdBbG9,Laverne Homenick,Cote d'Ivoire,4.632614973932505,9.125944594386965,
3,61,bJfUoYy1av,Dave Klocko,Bolivia,1.3538809488527477,4.090838639065623,
5,21,Epotegc2Ju,Ms. Edith Cremin,United Kingdom,6.643184304237366,1.8116328069008887,
3,79,qRP2wlmBy3,Jeannie Collier,Latvia,3.2317129052244127,4.8241738341748714,
9,62,Fi1NPALqJA,Olga Corwin,Azerbaijan,0.9335733805783093,4.898437370546162,
7,34,xMX6l7MIim,Philip Hermiston,Estonia,7.824622995220125,3.9659654134884477,
5,62,WKzL7fv77Q,Kristin Friesen III,Dominica,1.204305653925985,7.733563878107816,
6,80,2IjKSeblRV,Hattie Mayer,South Georgia and the South Sandwich Islands,1.4186001564376056,3.422831263858825,
9,99,Q04bQciOu7,Preston Walker,South Georgia and the South Sandwich Islands,4.1515948618762195,8.028925819788128,
4,43,xRwPtedExK,Miranda Huels,Cocos (Keeling) Islands,0.5694551016204059,9.468266544,
5,6,SeL00hJ6i8,Roxanne Yost,Bosnia and Herzegovina,2.0477116126567125,3.3748248028568923,
4,70,4UCmC1bV7A,Jesus Fisher,Australia,3.920497009065002,7.1318735224194825,
5,34,yWFj9AOIl3,Vanessa VonRueden,Gambia,7.135619846638292,8.623983354307711,
9,60,W4eay3GO70,Jack Kerluke,Norway,2.8108791187405586,3.9694697218947113,
6,66,voptM16fy8,Reginald Runolfsdottir-Bahringer,Comoros,0.7288215304724872,6.334252629429102,
1,26,5r5Mv5S3mN,Ebony Kassulke,Rwanda,4.10871461,6.5860787448473275,
9,55,cLqM5iu66q,Ms. Marcia Waters,Pitcairn Islands,7.415832509,5.353933807462454,
1,95,4jKFVNU31x,Elmer Strosin,Burundi,5.473922367207706,10.033666986972094,
7,45,NTHEADw1af,Ivan McClure,Lao People's Democratic Republic,7.789872434921563,3.0360216293483973,
7,58,f6nBzkSXOC,Teresa Kris Jr.,Cape Verde,7.748869824688882,1.799355081282556,
6,48,Wevch861JE,Ramon Lebsack Jr.,Bahrain,5.642055635806173,5.755032975692302,
8,77,AI9F8TmhZr,Marco Schmitt DDS,Tuvalu,6.150934504810721,1.2212275359779596,
4,90,imhQoBuTdm,Omar Kuhn,Greenland,9.058907757978886,8.894132808316499,
2,67,g1DQZpt16I,Lynn Simonis,Iraq,5.816194077022374,2.707291261292994,
2,50,u9undnFpxt,Beth Cremin,Thailand,4.662992686033249,9.254979558289051,
2,90,hiIGbJlIp2,Kristie Larson III,Namibia,7.967526807449758,9.038799830712378,
4,99,hF27ZacG7Q,Loretta Altenwerth-Langworth,Saint Martin,7.077741792425513,8.478032871615142,
4,85,y2nJ15Du2p,Joan McDermott,Marshall Islands,9.792376437224448,3.152226919308305,
9,25,phAz3LV05i,Gordon Windler,Ghana,3.2159616723656654,3.035064273979515,
1,3,ph88niqNO3,Marcos Jones III,Barbados,2.3301620706915855,9.589071908965707,
5,24,zr3apm9Uiu,Ms. Ruth Mosciski,Guadeloupe,6.144610676,1.8090856210328639,
4,8,8RhmxSaowv,Jeffery McKenzie,Brazil,8.249053037259728,7.165489578153938,
9,13,tO1jASso9t,Rafael Heidenreich,Republic of Korea,8.574231411,7.44061819,
5,28,iCj8SWRG4f,Frank Collier,Ghana,6.667985938955098,5.84099041,
2,34,DuLOL6ghNq,Nick Wintheiser,Yemen,4.198289489839226,4.783884358592331,
7,65,1KRrdhECkw,Candace Haag,Oman,7.824997715186328,8.812568964902312,
7,26,zjoLxHz7qA,Melissa Murray,Micronesia,9.526924395002425,1.907881062477827,
5,10,79vmcTNJVA,Miss Annette Robel,Greece,2.093988787,9.520242945,
4,79,GqRVfNojJZ,May Kutch,Norway,10.175841385032982,5.400375544093549,
6,62,Z6DHcWTyy6,Carol Bogan,Virgin Islands, U.S.,7.615948654245585,1.0728126876056194
4,85,Sug1VIr4pl,Nancy Hoppe,Aland Islands,6.392957460600883,10.246073188725859,
1,38,lEQTIZEtsl,Salvador Brakus,Pitcairn Islands,0.6464618160389364,7.312988838646561,
2,83,JCeIpeUdaL,Claire Bogan,Bahrain,5.237506760284305,2.0357067272998393,
2,11,azia3mAdTq,Stephanie Homenick,Sudan,1.4625198715366423,7.338952142279595,
2,56,0lIk3DFG7U,Celia Johns,Greenland,7.465241190046072,9.861682401504368,
5,91,1IYLEIZtIW,Kurt Skiles,Maldives,2.1457970533519983,1.8415363058447838,
5,11,5iA1pPYeTy,May Weissnat,Pitcairn Islands,1.7945341179147363,8.340864127501845,
2,83,GrL6h4poGB,Dana Dicki,Cambodia,7.558445974253118,5.803276963531971,
5,26,QgSQqB3ure,Noah Pfannerstill,Portugal,3.8735845959745347,5.536245237570256,
1,42,svt3Y7xHXZ,Dr. Natalie Senger,United States Minor Outlying Islands,9.828413019,4.857427125796676,
8,95,lJH0U6n7Su,April Runte,Gibraltar,2.146403153426945,7.9031126871705055,
3,93,zCO35Ahtj9,Jeannette Bahringer,Heard Island and McDonald Islands,1.394450161140412,7.242185563780367,
5,40,vxVFEJV990,Esther Kris,Georgia,6.1976655358448625,8.592795112170279,
4,60,e9lT2l0nAo,Garry Robel,Mongolia,8.226348738651723,9.421204822,
3,100,3q1tG3vWi6,Guadalupe Zieme,Eritrea,7.106925954,9.123069229070097,
4,51,AOgsWNuFPT,Rodney Dickinson I,Pitcairn Islands,2.5377439656294882,7.980592192150652,
5,34,uieUvDHYek,Krystal Schmeler,Eritrea,3.871690772473812,6.036581159103662,
7,80,tsRfGYBWxD,Derrick Shanahan IV,Saint Kitts and Nevis,5.945665311999619,10.49727948,
5,18,zArM1L8ljU,Earl Erdman-Toy,Taiwan,3.606109406799078,4.143428755458444,
8,36,lcEceo7ooo,Dr. Kristopher Sawayn DVM,Japan,1.3150104153901339,5.228399068117142,
6,67,hoMI4B5KCG,Terry Mills,Jamaica,2.000866557471454,0.7309000538662076,
9,59,uYbDUge2Ba,Belinda Bartell,British Indian Ocean Territory (Chagos Archipelago),6.6477550701238215,3.9836001484654844,
9,34,mshS46uWkw,Tony Hamill,Jordan,9.469060806557536,6.935061066877097,
4,73,WH11Srougu,Jody Gleichner,Kiribati,9.167525244,5.710666023,
1,25,QsUJNiQ1V8,Darryl Swift,Taiwan,4.782738328911364,5.396233857,
9,15,hn01W2cFJm,Viola Roberts-Grimes,Zambia,9.492538198363036,6.660005400888622,
7,7,nCP0HS0XpO,Alyssa Gerhold,Brazil,3.8499648049473763,1.8417040393687785,
9,84,GAFzULidpj,Ms. Hilda Jast,Gabon,9.508479642216116,2.1725349612534046,
7,22,W08a8TBxyo,Alan Welch,Namibia,2.047889565117657,4.867414899170399,
6,3,Da4jlYD0Mj,Aaron Sporer,Lebanon,1.3160911919549108,2.360703493002802,
4,61,qbyMXK2Czq,Jack Effertz,Solomon Islands,3.6709929066710174,4.310988697223365,
9,48,I3Ejz4CNb5,Van Dicki,Slovakia,2.1933041904121637,2.0005744621157646,
7,41,gK6NRM9sXd,Maureen Hessel,Cyprus,8.917237061075866,5.147242049686611,
5,73,WGuxcN61Q4,Jerald Zieme Sr.,Saint Barthelemy,7.267716642934829,8.823103059083223,
3,10,TjlGU9Bh37,Shawna Fadel,Turkmenistan,3.6748657021671534,7.242629429791123,
3,27,3O0vMi5y4i,Alexis Hegmann,Sao Tome and Principe,7.466315899044275,7.367921072989702,
5,85,6KDyeJtIwV,Omar Abbott III,Svalbard & Jan Mayen Islands,0.8622360690496862,1.0543305771425366,
